method,rank,database,species,reference_locus,source_locus,synonym,prediction_gene,gene,annotation,in_silico_source,probability,p_value,fdr,combined_p_value,energy,mrna_start,mrna_stop,srna_start,srna_stop,source_file
CopraRNA,5,CopraRNA,,MIDG2331_RS00110,,,ftsA,ftsA,cell division protein FtsA,CopraRNA,,0.0228394,0.073716042,0.001675365,-14.0141,-20,18,49,90,CopraRNA_GcvB_APP8_EC_SM_PM.csv
IntaRNA,21,IntaRNA,APP serovar 8 NZ_LN908249.1,MIDG2331_RS00110,,ftsA,ftsA,ftsA,cell division protein FtsA,"IntaRNA (75-75 nt, P-value < 0.05, NZ_LN908249.1)",,0.0098982,0.9562049,,-12.24,-20,19,49,90,IntaRNA_GcvB_APP8_75-75nt_PV-005.csv
CopraRNA,34,CopraRNA,,MIDG2331_RS00250,,,,,HAD-IIIA family hydrolase,CopraRNA,,0.0712288,0.631579439,0.097607732,-11.6373,36,44,172,180,CopraRNA_GcvB_APP8_EC_SM_PM.csv
IntaRNA,29,IntaRNA,APP serovar 8 NZ_LN908249.1,MIDG2331_RS00360,,,dppF,dppF,ABC transporter ATP-binding protein,"IntaRNA (75-75 nt, P-value < 0.05, NZ_LN908249.1)",,0.0145174,0.967073,,-11.65,44,60,58,75,IntaRNA_GcvB_APP8_75-75nt_PV-005.csv
TargetRNA2,40,TargetRNA2,,MIDG2331_RS00380,apl_rs00385,APL_0072,ilvE,ilvE,branched-chain amino acid aminotransferase,"TargetRNA2 (80-20 nt, P-value < 0.05, NZ_LN908249.1)",,0.046,,,-8.5,-12,8,70,88,TargetRNA2_GcvB_APP5.csv
IntaRNA,48,IntaRNA,APP serovar 8 NZ_LN908249.1,MIDG2331_RS00390,,recR,recR,recR,recombination mediator RecR,"IntaRNA (75-75 nt, P-value < 0.05, NZ_LN908249.1)",,0.0258511,0.967073,,-10.73,-1,31,60,92,IntaRNA_GcvB_APP8_75-75nt_PV-005.csv
IntaRNA,70,IntaRNA,APP serovar 8 NZ_LN908249.1,MIDG2331_RS00505,,ilvD,ilvD,ilvD,dihydroxy-acid dehydratase,"IntaRNA (75-75 nt, P-value < 0.05, NZ_LN908249.1)",,0.039678,0.967073,,-10.02,-31,-21,77,87,IntaRNA_GcvB_APP8_75-75nt_PV-005.csv
TargetRNA2,9,TargetRNA2,,MIDG2331_RS00505,apl_rs00510,APL_0097,ilvD,ilvD,dihydroxy-acid dehydratase,"TargetRNA2 (80-20 nt, P-value < 0.05, NZ_LN908249.1)",,0.005,,,-12.55,-32,-20,76,88,TargetRNA2_GcvB_APP5.csv
CopraRNA,13,CopraRNA,,MIDG2331_RS00515,,,ilvG,ilvG,acetolactate synthase 2 catalytic subunit,CopraRNA,,0.0455624,0.38110514,0.022994407,-12.5664,-12,2,73,87,CopraRNA_GcvB_APP8_EC_SM_PM.csv
IntaRNA,52,IntaRNA,APP serovar 8 NZ_LN908249.1,MIDG2331_RS00515,,ilvG,ilvG,ilvG,acetolactate synthase 2 catalytic subunit,"IntaRNA (75-75 nt, P-value < 0.05, NZ_LN908249.1)",,0.029568,0.967073,,-10.51,-10,1,75,85,IntaRNA_GcvB_APP8_75-75nt_PV-005.csv
TargetRNA2,26,TargetRNA2,,MIDG2331_RS00515,apl_rs00520,APL_0099,ilvG,ilvG,acetolactate synthase 2 catalytic subunit,"TargetRNA2 (80-20 nt, P-value < 0.05, NZ_LN908249.1)",,0.026,,,-9.8,-13,4,72,88,TargetRNA2_GcvB_APP5.csv
CopraRNA,20,CopraRNA,,MIDG2331_RS00560,,,,,IclR family transcriptional regulator,CopraRNA,,0.1143372,0.49326443,0.044842221,-10.6521,18,31,133,146,CopraRNA_GcvB_APP8_EC_SM_PM.csv
IntaRNA,78,IntaRNA,APP serovar 8 NZ_LN908249.1,MIDG2331_RS00615,,proQ,proQ,proQ,RNA chaperone ProQ,"IntaRNA (75-75 nt, P-value < 0.05, NZ_LN908249.1)",,0.0451738,0.967073,,-9.8,-4,33,54,95,IntaRNA_GcvB_APP8_75-75nt_PV-005.csv
CopraRNA,14,CopraRNA,,MIDG2331_RS00670,,,rsgA,rsgA,small ribosomal subunit biogenesis GTPase RsgA,CopraRNA,,0.02991,0.38110514,0.024599759,-13.4463,25,87,54,97,CopraRNA_GcvB_APP8_EC_SM_PM.csv
IntaRNA,55,IntaRNA,APP serovar 8 NZ_LN908249.1,MIDG2331_RS00670,,rsgA,rsgA,rsgA,small ribosomal subunit biogenesis GTPase RsgA,"IntaRNA (75-75 nt, P-value < 0.05, NZ_LN908249.1)",,0.0316056,0.967073,,-10.4,26,66,63,97,IntaRNA_GcvB_APP8_75-75nt_PV-005.csv
CopraRNA,1,CopraRNA,,MIDG2331_RS00675,,,gcvA,gcvA,transcriptional regulator GcvA,CopraRNA,,0,0,0,-113.768,-200,-112,1,89,CopraRNA_GcvB_APP8_EC_SM_PM.csv
IntaRNA,3,IntaRNA,APP serovar 8 NZ_LN908249.1,MIDG2331_RS00685,,cysB,cysB,cysB,HTH-type transcriptional regulator CysB,"IntaRNA (75-75 nt, P-value < 0.05, NZ_LN908249.1)",,1.045e-4,0.0741602,,-18.23,12,74,28,89,IntaRNA_GcvB_APP8_75-75nt_PV-005.csv
IntaRNA,9,IntaRNA,APP serovar 8 NZ_LN908249.1,MIDG2331_RS00715,,leuC,leuC,leuC,3-isopropylmalate dehydratase large subunit,"IntaRNA (75-75 nt, P-value < 0.05, NZ_LN908249.1)",,0.0021458,0.5076009,,-14.45,-38,-22,76,92,IntaRNA_GcvB_APP8_75-75nt_PV-005.csv
TargetRNA2,45,TargetRNA2,,MIDG2331_RS00895,apl_rs00900,APL_0175,dksA,dksA,RNA polymerase-binding protein DksA,"TargetRNA2 (80-20 nt, P-value < 0.05, NZ_LN908249.1)",,0.05,,,-8.26,-1,-16,132,147,TargetRNA2_GcvB_APP5.csv
IntaRNA,34,IntaRNA,APP serovar 8 NZ_LN908249.1,MIDG2331_RS00935,,,MIDG2331_RS00935,MIDG2331_RS00935,NRAMP family divalent metal transporter,"IntaRNA (75-75 nt, P-value < 0.05, NZ_LN908249.1)",,0.0172399,0.967073,,-11.38,7,17,78,88,IntaRNA_GcvB_APP8_75-75nt_PV-005.csv
TargetRNA2,5,TargetRNA2,,MIDG2331_RS00935,apl_rs00940,APL_0183,MIDG2331_RS00935,MIDG2331_RS00935,NRAMP family divalent metal transporter,"TargetRNA2 (80-20 nt, P-value < 0.05, NZ_LN908249.1)",,0.001,,,-14.89,6,18,77,89,TargetRNA2_GcvB_APP5.csv
CopraRNA,11,CopraRNA,,MIDG2331_RS00945,,,aroF,aroF,3-deoxy-7-phosphoheptulonate synthase,CopraRNA,,0.1783589,0.38110514,0.021937174,-9.71432,-9,22,31,61,CopraRNA_GcvB_APP8_EC_SM_PM.csv
TargetRNA2,19,TargetRNA2,,MIDG2331_RS01055,apl_rs01060,APL_0207,dxs,dxs,1-deoxy-D-xylulose-5-phosphate synthase,"TargetRNA2 (80-20 nt, P-value < 0.05, NZ_LN908249.1)",,0.013,,,-11.04,-5,12,79,96,TargetRNA2_GcvB_APP5.csv
IntaRNA,7,IntaRNA,APP serovar 8 NZ_LN908249.1,MIDG2331_RS01105,,csy1,csy1,csy1,type I-F CRISPR-associated protein Csy1,"IntaRNA (75-75 nt, P-value < 0.05, NZ_LN908249.1)",,0.0019949,0.5076009,,-14.55,46,73,58,88,IntaRNA_GcvB_APP8_75-75nt_PV-005.csv
CopraRNA,27,CopraRNA,,MIDG2331_RS01175,,,,,YqgE/AlgH family protein,CopraRNA,,0.0690413,0.628428637,0.083781416,-11.7021,84,96,78,90,CopraRNA_GcvB_APP8_EC_SM_PM.csv
IntaRNA,27,IntaRNA,APP serovar 8 NZ_LN908249.1,MIDG2331_RS01225,,mutT,mutT,mutT,8-oxo-dGTP diphosphatase MutT,"IntaRNA (75-75 nt, P-value < 0.05, NZ_LN908249.1)",,0.0126004,0.967073,,-11.87,-28,17,39,86,IntaRNA_GcvB_APP8_75-75nt_PV-005.csv
CopraRNA,10,CopraRNA,,MIDG2331_RS01240,,,argD2,argD2,aspartate aminotransferase family protein,CopraRNA,,0.2782542,0.38110514,0.020481934,-8.74422,-3,21,72,94,CopraRNA_GcvB_APP8_EC_SM_PM.csv
IntaRNA,83,IntaRNA,APP serovar 8 NZ_LN908249.1,MIDG2331_RS01400,,,MIDG2331_RS01400,MIDG2331_RS01400,YbaK/prolyl-tRNA synthetase associated domain-containing protein,"IntaRNA (75-75 nt, P-value < 0.05, NZ_LN908249.1)",,0.0498865,0.967073,,-9.63,38,48,90,100,IntaRNA_GcvB_APP8_75-75nt_PV-005.csv
IntaRNA,12,IntaRNA,APP serovar 8 NZ_LN908249.1,MIDG2331_RS01485,,,hsdM2,hsdM2,type I restriction-modification system subunit M,"IntaRNA (75-75 nt, P-value < 0.05, NZ_LN908249.1)",,0.0054468,0.9562049,,-13.13,-24,19,134,172,IntaRNA_GcvB_APP8_75-75nt_PV-005.csv
IntaRNA,41,IntaRNA,APP serovar 8 NZ_LN908249.1,MIDG2331_RS01600,,,MIDG2331_RS01600,MIDG2331_RS01600,Derived by automated computational analysis using gene prediction method: Protein Homology.,"IntaRNA (75-75 nt, P-value < 0.05, NZ_LN908249.1)",,0.021744,0.967073,,-11.01,-68,-55,56,69,IntaRNA_GcvB_APP8_75-75nt_PV-005.csv
CopraRNA,18,CopraRNA,,MIDG2331_RS01660,,,metC,metC,cystathionine beta-lyase,CopraRNA,,0.0432595,0.482285435,0.039459717,-12.6745,-9,11,69,89,CopraRNA_GcvB_APP8_EC_SM_PM.csv
IntaRNA,80,IntaRNA,APP serovar 8 NZ_LN908249.1,MIDG2331_RS01660,,metC,metC,metC,cystathionine beta-lyase,"IntaRNA (75-75 nt, P-value < 0.05, NZ_LN908249.1)",,0.0473385,0.967073,,-9.72,-7,15,62,87,IntaRNA_GcvB_APP8_75-75nt_PV-005.csv
IntaRNA,24,IntaRNA,APP serovar 8 NZ_LN908249.1,MIDG2331_RS01925,,,MIDG2331_RS01925,MIDG2331_RS01925,curli polymerization inhibitor CsgI-related protein,"IntaRNA (75-75 nt, P-value < 0.05, NZ_LN908249.1)",,0.0107792,0.9562049,,-12.11,11,25,170,185,IntaRNA_GcvB_APP8_75-75nt_PV-005.csv
IntaRNA,10,IntaRNA,APP serovar 8 NZ_LN908249.1,MIDG2331_RS01960,,glpB,glpB,glpB,glycerol-3-phosphate dehydrogenase subunit GlpB,"IntaRNA (75-75 nt, P-value < 0.05, NZ_LN908249.1)",,0.0027035,0.5755752,,-14.13,-16,-6,135,145,IntaRNA_GcvB_APP8_75-75nt_PV-005.csv
IntaRNA,60,IntaRNA,APP serovar 8 NZ_LN908249.1,MIDG2331_RS02230,,,MIDG2331_RS02230,MIDG2331_RS02230,YceK/YidQ family lipoprotein,"IntaRNA (75-75 nt, P-value < 0.05, NZ_LN908249.1)",,0.032378,0.967073,,-10.36,-3,23,64,94,IntaRNA_GcvB_APP8_75-75nt_PV-005.csv
CopraRNA,4,CopraRNA,,MIDG2331_RS02235,,,leuB,leuB,3-isopropylmalate dehydrogenase,CopraRNA,,0.0302295,0.008065395,1.46644e-4,-13.424,-2,17,76,93,CopraRNA_GcvB_APP8_EC_SM_PM.csv
IntaRNA,68,IntaRNA,APP serovar 8 NZ_LN908249.1,MIDG2331_RS02245,,gap,gap,gap,type I glyceraldehyde-3-phosphate dehydrogenase,"IntaRNA (75-75 nt, P-value < 0.05, NZ_LN908249.1)",,0.0382892,0.967073,,-10.08,57,72,74,90,IntaRNA_GcvB_APP8_75-75nt_PV-005.csv
IntaRNA,35,IntaRNA,APP serovar 8 NZ_LN908249.1,MIDG2331_RS02300,,,ykgF,ykgF,LutB/LldF family L-lactate oxidation iron-sulfur protein,"IntaRNA (75-75 nt, P-value < 0.05, NZ_LN908249.1)",,0.0185959,0.967073,,-11.26,51,73,72,89,IntaRNA_GcvB_APP8_75-75nt_PV-005.csv
CopraRNA,30,CopraRNA,,MIDG2331_RS02335,,,sucC,sucC,ADP-forming succinate--CoA ligase subunit beta,CopraRNA,,0.2832907,0.628428637,0.085718331,-8.70393,-15,-6,140,149,CopraRNA_GcvB_APP8_EC_SM_PM.csv
IntaRNA,8,IntaRNA,APP serovar 8 NZ_LN908249.1,MIDG2331_RS02480,,,MIDG2331_RS02480,MIDG2331_RS02480,ArsR/SmtB family transcription factor,"IntaRNA (75-75 nt, P-value < 0.05, NZ_LN908249.1)",,0.0020095,0.5076009,,-14.54,-12,8,127,146,IntaRNA_GcvB_APP8_75-75nt_PV-005.csv
CopraRNA,26,CopraRNA,,MIDG2331_RS02505,,,rplY,rplY,50S ribosomal protein L25,CopraRNA,,0.0987368,0.628428637,0.080960906,-10.9582,-3,23,50,83,CopraRNA_GcvB_APP8_EC_SM_PM.csv
IntaRNA,39,IntaRNA,APP serovar 8 NZ_LN908249.1,MIDG2331_RS02505,,rplY,rplY,rplY,50S ribosomal protein L25,"IntaRNA (75-75 nt, P-value < 0.05, NZ_LN908249.1)",,0.0205579,0.967073,,-11.1,-3,24,50,83,IntaRNA_GcvB_APP8_75-75nt_PV-005.csv
IntaRNA,50,IntaRNA,APP serovar 8 NZ_LN908249.1,MIDG2331_RS02720,,,MIDG2331_RS02720,MIDG2331_RS02720,phosphoethanolamine transferase,"IntaRNA (75-75 nt, P-value < 0.05, NZ_LN908249.1)",,0.0288576,0.967073,,-10.55,-26,-5,56,78,IntaRNA_GcvB_APP8_75-75nt_PV-005.csv
IntaRNA,23,IntaRNA,APP serovar 8 NZ_LN908249.1,MIDG2331_RS02785,,mukB,mukB,mukB,chromosome partition protein MukB,"IntaRNA (75-75 nt, P-value < 0.05, NZ_LN908249.1)",,0.0107089,0.9562049,,-12.12,1,31,63,91,IntaRNA_GcvB_APP8_75-75nt_PV-005.csv
CopraRNA,7,CopraRNA,,MIDG2331_RS02890,,,rpsI,rpsI,30S ribosomal protein S9,CopraRNA,,0.2309969,0.093496434,0.002974887,-9.15611,-62,-53,79,88,CopraRNA_GcvB_APP8_EC_SM_PM.csv
IntaRNA,44,IntaRNA,APP serovar 8 NZ_LN908249.1,MIDG2331_RS02905,,,fieF,fieF,cation diffusion facilitator family transporter,"IntaRNA (75-75 nt, P-value < 0.05, NZ_LN908249.1)",,0.0221533,0.967073,,-10.98,-29,-2,137,170,IntaRNA_GcvB_APP8_75-75nt_PV-005.csv
IntaRNA,20,IntaRNA,APP serovar 8 NZ_LN908249.1,MIDG2331_RS02970,,lrp,lrp,lrp,leucine-responsive transcriptional regulator Lrp,"IntaRNA (75-75 nt, P-value < 0.05, NZ_LN908249.1)",,0.0095776,0.9562049,,-12.29,41,62,53,73,IntaRNA_GcvB_APP8_75-75nt_PV-005.csv
TargetRNA2,39,TargetRNA2,,MIDG2331_RS02970,apl_rs03235,APL_0617,lrp,lrp,leucine-responsive transcriptional regulator Lrp,"TargetRNA2 (80-20 nt, P-value < 0.05, NZ_LN908249.1)",,0.043,,,-8.66,-76,-63,73,89,TargetRNA2_GcvB_APP5.csv
IntaRNA,64,IntaRNA,APP serovar 8 NZ_LN908249.1,MIDG2331_RS02975,,,ftsK,ftsK,DNA translocase FtsK,"IntaRNA (75-75 nt, P-value < 0.05, NZ_LN908249.1)",,0.0362892,0.967073,,-10.17,-47,-38,133,142,IntaRNA_GcvB_APP8_75-75nt_PV-005.csv
TargetRNA2,15,TargetRNA2,,MIDG2331_RS02975,apl_rs03240,APL_0618,ftsK,ftsK,DNA translocase FtsK,"TargetRNA2 (80-20 nt, P-value < 0.05, NZ_LN908249.1)",,0.011,,,-11.34,-48,-37,132,143,TargetRNA2_GcvB_APP5.csv
TargetRNA2,35,TargetRNA2,,MIDG2331_RS03015,apl_rs03280,APL_0626,MIDG2331_RS03015,MIDG2331_RS03015,MacB family efflux pump subunit,"TargetRNA2 (80-20 nt, P-value < 0.05, NZ_LN908249.1)",,0.036,,,-9.05,-70,-51,75,94,TargetRNA2_GcvB_APP5.csv
IntaRNA,67,IntaRNA,APP serovar 8 NZ_LN908249.1,MIDG2331_RS03230,,,ompP2B,ompP2B,porin,"IntaRNA (75-75 nt, P-value < 0.05, NZ_LN908249.1)",,0.037166,0.967073,,-10.13,34,48,75,89,IntaRNA_GcvB_APP8_75-75nt_PV-005.csv
IntaRNA,81,IntaRNA,APP serovar 8 NZ_LN908249.1,MIDG2331_RS03295,,,aspC,aspC,amino acid aminotransferase,"IntaRNA (75-75 nt, P-value < 0.05, NZ_LN908249.1)",,0.0490236,0.967073,,-9.66,-33,-24,79,88,IntaRNA_GcvB_APP8_75-75nt_PV-005.csv
TargetRNA2,30,TargetRNA2,,MIDG2331_RS03295,apl_rs03460,APL_0662,aspC,aspC,amino acid aminotransferase,"TargetRNA2 (80-20 nt, P-value < 0.05, NZ_LN908249.1)",,0.03,,,-9.47,-34,-19,73,89,TargetRNA2_GcvB_APP5.csv
IntaRNA,54,IntaRNA,APP serovar 8 NZ_LN908249.1,MIDG2331_RS03300,,pepP,pepP,pepP,Xaa-Pro aminopeptidase,"IntaRNA (75-75 nt, P-value < 0.05, NZ_LN908249.1)",,0.0302946,0.967073,,-10.47,17,30,43,57,IntaRNA_GcvB_APP8_75-75nt_PV-005.csv
CopraRNA,16,CopraRNA,,MIDG2331_RS03400,,,,metB,methionine biosynthesis PLP-dependent protein,CopraRNA,,0.0324309,0.392898414,0.029073073,-13.2766,-22,25,133,170,CopraRNA_GcvB_APP8_EC_SM_PM.csv
IntaRNA,71,IntaRNA,APP serovar 8 NZ_LN908249.1,MIDG2331_RS03400,,,metB,metB,methionine biosynthesis PLP-dependent protein,"IntaRNA (75-75 nt, P-value < 0.05, NZ_LN908249.1)",,0.039914,0.967073,,-10.01,-22,26,133,170,IntaRNA_GcvB_APP8_75-75nt_PV-005.csv
TargetRNA2,22,TargetRNA2,,MIDG2331_RS03495,apl_rs03650,APL_0700,hisC,hisC,histidinol-phosphate transaminase,"TargetRNA2 (80-20 nt, P-value < 0.05, NZ_LN908249.1)",,0.02,,,-10.32,2,20,74,89,TargetRNA2_GcvB_APP5.csv
TargetRNA2,14,TargetRNA2,,MIDG2331_RS03505,apl_rs03660,APL_0702,serC,serC,3-phosphoserine/phosphohydroxythreonine transaminase,"TargetRNA2 (80-20 nt, P-value < 0.05, NZ_LN908249.1)",,0.011,,,-11.44,-10,6,74,90,TargetRNA2_GcvB_APP5.csv
IntaRNA,37,IntaRNA,APP serovar 8 NZ_LN908249.1,MIDG2331_RS03525,,,MIDG2331_RS03525,MIDG2331_RS03525,MurR/RpiR family transcriptional regulator,"IntaRNA (75-75 nt, P-value < 0.05, NZ_LN908249.1)",,0.0195541,0.967073,,-11.18,-74,-41,62,95,IntaRNA_GcvB_APP8_75-75nt_PV-005.csv
IntaRNA,2,IntaRNA,APP serovar 8 NZ_LN908249.1,MIDG2331_RS03630,,,ilvI,ilvI,acetolactate synthase 3 large subunit,"IntaRNA (75-75 nt, P-value < 0.05, NZ_LN908249.1)",,3.3e-6,0.0035129,,-21.75,-40,-14,63,89,IntaRNA_GcvB_APP8_75-75nt_PV-005.csv
TargetRNA2,3,TargetRNA2,,MIDG2331_RS03630,apl_rs03785,APL_0727,ilvI,ilvI,acetolactate synthase 3 large subunit,"TargetRNA2 (80-20 nt, P-value < 0.05, NZ_LN908249.1)",,0,,,-15.74,-41,-26,75,90,TargetRNA2_GcvB_APP5.csv
CopraRNA,12,CopraRNA,,MIDG2331_RS03735,,,aroC,aroC,chorismate synthase,CopraRNA,,0.1636596,0.38110514,0.02223505,-9.8974,3,21,72,89,CopraRNA_GcvB_APP8_EC_SM_PM.csv
IntaRNA,56,IntaRNA,APP serovar 8 NZ_LN908249.1,MIDG2331_RS03780,,,MIDG2331_RS03780,MIDG2331_RS03780,BrnA antitoxin family protein,"IntaRNA (75-75 nt, P-value < 0.05, NZ_LN908249.1)",,0.0317971,0.967073,,-10.39,36,47,175,186,IntaRNA_GcvB_APP8_75-75nt_PV-005.csv
IntaRNA,45,IntaRNA,APP serovar 8 NZ_LN908249.1,MIDG2331_RS03810,,,arfA,arfA,alternative ribosome-rescue factor A,"IntaRNA (75-75 nt, P-value < 0.05, NZ_LN908249.1)",,0.0228512,0.967073,,-10.93,13,41,157,184,IntaRNA_GcvB_APP8_75-75nt_PV-005.csv
CopraRNA,31,CopraRNA,,MIDG2331_RS03840,,,sstT,sstT,serine/threonine transporter SstT,CopraRNA,,0.2294558,0.628428637,0.088551308,-9.17074,-16,-4,133,147,CopraRNA_GcvB_APP8_EC_SM_PM.csv
IntaRNA,32,IntaRNA,APP serovar 8 NZ_LN908249.1,MIDG2331_RS04250,,,MIDG2331_RS04250,MIDG2331_RS04250,Derived by automated computational analysis using gene prediction method: Protein Homology.,"IntaRNA (75-75 nt, P-value < 0.05, NZ_LN908249.1)",,0.0156739,0.967073,,-11.53,-69,-49,54,75,IntaRNA_GcvB_APP8_75-75nt_PV-005.csv
IntaRNA,16,IntaRNA,APP serovar 8 NZ_LN908249.1,MIDG2331_RS04310,,,MIDG2331_RS04310,MIDG2331_RS04310,5-methyltetrahydropteroyltriglutamate-- homocysteine S-methyltransferase,"IntaRNA (75-75 nt, P-value < 0.05, NZ_LN908249.1)",,0.0083338,0.9562049,,-12.5,29,42,77,91,IntaRNA_GcvB_APP8_75-75nt_PV-005.csv
IntaRNA,58,IntaRNA,APP serovar 8 NZ_LN908249.1,MIDG2331_RS04545,,dapA,dapA,dapA,4-hydroxy-tetrahydrodipicolinate synthase,"IntaRNA (75-75 nt, P-value < 0.05, NZ_LN908249.1)",,0.0317971,0.967073,,-10.39,-15,-8,141,148,IntaRNA_GcvB_APP8_75-75nt_PV-005.csv
TargetRNA2,27,TargetRNA2,,MIDG2331_RS04545,apl_rs04700,APL_0899,dapA,dapA,4-hydroxy-tetrahydrodipicolinate synthase,"TargetRNA2 (80-20 nt, P-value < 0.05, NZ_LN908249.1)",,0.027,,,-9.72,-21,-2,135,154,TargetRNA2_GcvB_APP5.csv
CopraRNA,9,CopraRNA,,MIDG2331_RS04600,,,,hlpA,MetQ/NlpA family lipoprotein,CopraRNA,,0.0892114,0.340819822,0.013942629,-11.1694,-28,-15,75,88,CopraRNA_GcvB_APP8_EC_SM_PM.csv
IntaRNA,63,IntaRNA,APP serovar 8 NZ_LN908249.1,MIDG2331_RS04600,,,hlpA,hlpA,MetQ/NlpA family lipoprotein,"IntaRNA (75-75 nt, P-value < 0.05, NZ_LN908249.1)",,0.035858,0.967073,,-10.19,-27,-15,75,87,IntaRNA_GcvB_APP8_75-75nt_PV-005.csv
IntaRNA,57,IntaRNA,APP serovar 8 NZ_LN908249.1,MIDG2331_RS04665,,hscA,hscA,hscA,Fe-S protein assembly chaperone HscA,"IntaRNA (75-75 nt, P-value < 0.05, NZ_LN908249.1)",,0.0317971,0.967073,,-10.39,-34,-8,56,87,IntaRNA_GcvB_APP8_75-75nt_PV-005.csv
CopraRNA,17,CopraRNA,,MIDG2331_RS04690,,,iscU,iscU,Fe-S cluster assembly scaffold IscU,CopraRNA,,0.0918787,0.392898414,0.030360332,-11.1081,-37,-7,135,166,CopraRNA_GcvB_APP8_EC_SM_PM.csv
IntaRNA,65,IntaRNA,APP serovar 8 NZ_LN908249.1,MIDG2331_RS04730,,bioD,bioD,bioD,dethiobiotin synthase,"IntaRNA (75-75 nt, P-value < 0.05, NZ_LN908249.1)",,0.0367252,0.967073,,-10.15,-15,-6,134,143,IntaRNA_GcvB_APP8_75-75nt_PV-005.csv
IntaRNA,13,IntaRNA,APP serovar 8 NZ_LN908249.1,MIDG2331_RS05380,,,MIDG2331_RS05380,MIDG2331_RS05380,NirD/YgiW/YdeI family stress tolerance protein,"IntaRNA (75-75 nt, P-value < 0.05, NZ_LN908249.1)",,0.007242,0.9562049,,-12.71,-17,-2,24,39,IntaRNA_GcvB_APP8_75-75nt_PV-005.csv
IntaRNA,11,IntaRNA,APP serovar 8 NZ_LN908249.1,MIDG2331_RS05470,,,MIDG2331_RS05470,MIDG2331_RS05470,nucleobase:cation symporter-2 family protein,"IntaRNA (75-75 nt, P-value < 0.05, NZ_LN908249.1)",,0.0052633,0.9562049,,-13.18,61,73,76,89,IntaRNA_GcvB_APP8_75-75nt_PV-005.csv
IntaRNA,5,IntaRNA,APP serovar 8 NZ_LN908249.1,MIDG2331_RS05485,,,arcD1,arcD1,basic amino acid/polyamine antiporter,"IntaRNA (75-75 nt, P-value < 0.05, NZ_LN908249.1)",,0.0016723,0.5076009,,-14.79,-28,-15,75,88,IntaRNA_GcvB_APP8_75-75nt_PV-005.csv
TargetRNA2,2,TargetRNA2,,MIDG2331_RS05485,apl_rs05645,APL_1082,arcD1,arcD1,basic amino acid/polyamine antiporter,"TargetRNA2 (80-20 nt, P-value < 0.05, NZ_LN908249.1)",,0,,,-17.27,-29,-14,74,89,TargetRNA2_GcvB_APP5.csv
TargetRNA2,10,TargetRNA2,,MIDG2331_RS05515,apl_rs05675,APL_1088,arsB,arsB,ACR3 family arsenite efflux transporter,"TargetRNA2 (80-20 nt, P-value < 0.05, NZ_LN908249.1)",,0.006,,,-12.35,-13,8,139,159,TargetRNA2_GcvB_APP5.csv
TargetRNA2,29,TargetRNA2,,MIDG2331_RS05685,apl_rs05840,APL_1120,tsaD,tsaD,tRNA (adenosine(37)-N6)-threonylcarbamoyltransferase complex transferase subunit TsaD,"TargetRNA2 (80-20 nt, P-value < 0.05, NZ_LN908249.1)",,0.03,,,-9.49,-10,9,83,100,TargetRNA2_GcvB_APP5.csv
IntaRNA,43,IntaRNA,APP serovar 8 NZ_LN908249.1,MIDG2331_RS05710,,,nifS,nifS,aminotransferase class V-fold PLP-dependent enzyme,"IntaRNA (75-75 nt, P-value < 0.05, NZ_LN908249.1)",,0.0220161,0.967073,,-10.99,-57,-51,172,178,IntaRNA_GcvB_APP8_75-75nt_PV-005.csv
TargetRNA2,34,TargetRNA2,,MIDG2331_RS05800,apl_rs05960,APL_1139,aroE,aroE,shikimate dehydrogenase,"TargetRNA2 (80-20 nt, P-value < 0.05, NZ_LN908249.1)",,0.035,,,-9.11,-34,-24,76,86,TargetRNA2_GcvB_APP5.csv
CopraRNA,6,CopraRNA,,MIDG2331_RS05925,,,,trpE,anthranilate synthase component 1,CopraRNA,,0.0479296,0.093496434,0.002886598,-12.4609,17,27,79,89,CopraRNA_GcvB_APP8_EC_SM_PM.csv
IntaRNA,19,IntaRNA,APP serovar 8 NZ_LN908249.1,MIDG2331_RS05925,,,trpE,trpE,anthranilate synthase component 1,"IntaRNA (75-75 nt, P-value < 0.05, NZ_LN908249.1)",,0.0093899,0.9562049,,-12.32,18,28,79,89,IntaRNA_GcvB_APP8_75-75nt_PV-005.csv
IntaRNA,15,IntaRNA,APP serovar 8 NZ_LN908249.1,MIDG2331_RS05935,,trpD,trpD,trpD,anthranilate phosphoribosyltransferase,"IntaRNA (75-75 nt, P-value < 0.05, NZ_LN908249.1)",,0.0080607,0.9562049,,-12.55,-1,40,63,92,IntaRNA_GcvB_APP8_75-75nt_PV-005.csv
TargetRNA2,44,TargetRNA2,,MIDG2331_RS05935,apl_rs06095,APL_1165,trpD,trpD,anthranilate phosphoribosyltransferase,"TargetRNA2 (80-20 nt, P-value < 0.05, NZ_LN908249.1)",,0.049,,,-8.35,-69,-54,71,86,TargetRNA2_GcvB_APP5.csv
IntaRNA,66,IntaRNA,APP serovar 8 NZ_LN908249.1,MIDG2331_RS06010,,argH,argH,argH,argininosuccinate lyase,"IntaRNA (75-75 nt, P-value < 0.05, NZ_LN908249.1)",,0.0367252,0.967073,,-10.15,-52,-41,141,152,IntaRNA_GcvB_APP8_75-75nt_PV-005.csv
IntaRNA,25,IntaRNA,APP serovar 8 NZ_LN908249.1,MIDG2331_RS06030,,,MIDG2331_RS06030,MIDG2331_RS06030,SIR2 family protein,"IntaRNA (75-75 nt, P-value < 0.05, NZ_LN908249.1)",,0.0120416,0.967073,,-11.94,-58,-7,48,87,IntaRNA_GcvB_APP8_75-75nt_PV-005.csv
CopraRNA,19,CopraRNA,,MIDG2331_RS06145,,,hxpB,hxpB,hexitol phosphatase HxpB,CopraRNA,,0.1391399,0.49326443,0.043609378,-10.2404,24,31,173,180,CopraRNA_GcvB_APP8_EC_SM_PM.csv
IntaRNA,69,IntaRNA,APP serovar 8 NZ_LN908249.1,MIDG2331_RS06145,,hxpB,hxpB,hxpB,hexitol phosphatase HxpB,"IntaRNA (75-75 nt, P-value < 0.05, NZ_LN908249.1)",,0.0387471,0.967073,,-10.06,25,32,173,180,IntaRNA_GcvB_APP8_75-75nt_PV-005.csv
IntaRNA,30,IntaRNA,APP serovar 8 NZ_LN908249.1,MIDG2331_RS06205,,,MIDG2331_RS06205,MIDG2331_RS06205,BaiN/RdsA family NAD(P)/FAD-dependent oxidoreductase,"IntaRNA (75-75 nt, P-value < 0.05, NZ_LN908249.1)",,0.0147044,0.967073,,-11.63,-75,-69,172,178,IntaRNA_GcvB_APP8_75-75nt_PV-005.csv
IntaRNA,26,IntaRNA,APP serovar 8 NZ_LN908249.1,MIDG2331_RS06220,,serB,serB,serB,phosphoserine phosphatase SerB,"IntaRNA (75-75 nt, P-value < 0.05, NZ_LN908249.1)",,0.0125191,0.967073,,-11.88,-1,71,28,92,IntaRNA_GcvB_APP8_75-75nt_PV-005.csv
TargetRNA2,25,TargetRNA2,,MIDG2331_RS06220,apl_rs06420,APL_1230,serB,serB,phosphoserine phosphatase SerB,"TargetRNA2 (80-20 nt, P-value < 0.05, NZ_LN908249.1)",,0.024,,,-9.95,-2,15,78,93,TargetRNA2_GcvB_APP5.csv
IntaRNA,72,IntaRNA,APP serovar 8 NZ_LN908249.1,MIDG2331_RS06310,,,MIDG2331_RS06310,MIDG2331_RS06310,AzlC family ABC transporter permease,"IntaRNA (75-75 nt, P-value < 0.05, NZ_LN908249.1)",,0.0411128,0.967073,,-9.96,-3,12,79,94,IntaRNA_GcvB_APP8_75-75nt_PV-005.csv
TargetRNA2,17,TargetRNA2,,MIDG2331_RS06310,apl_rs06515,APL_1248,MIDG2331_RS06310,MIDG2331_RS06310,AzlC family ABC transporter permease,"TargetRNA2 (80-20 nt, P-value < 0.05, NZ_LN908249.1)",,0.013,,,-11.05,-9,12,80,99,TargetRNA2_GcvB_APP5.csv
IntaRNA,14,IntaRNA,APP serovar 8 NZ_LN908249.1,MIDG2331_RS06360,,pstB,pstB,pstB,phosphate ABC transporter ATP-binding protein PstB,"IntaRNA (75-75 nt, P-value < 0.05, NZ_LN908249.1)",,0.0080607,0.9562049,,-12.55,-12,9,126,146,IntaRNA_GcvB_APP8_75-75nt_PV-005.csv
IntaRNA,84,IntaRNA,APP serovar 8 NZ_LN908249.1,MIDG2331_RS06415,,,MIDG2331_RS06415,MIDG2331_RS06415,ribonuclease,"IntaRNA (75-75 nt, P-value < 0.05, NZ_LN908249.1)",,0.0498865,0.967073,,-9.63,-25,-18,7,14,IntaRNA_GcvB_APP8_75-75nt_PV-005.csv
CopraRNA,25,CopraRNA,,MIDG2331_RS06420,,,sprT,sprT,SprT family zinc-dependent metalloprotease,CopraRNA,,0.0334914,0.628428637,0.080386225,-13.2092,45,80,58,91,CopraRNA_GcvB_APP8_EC_SM_PM.csv
IntaRNA,28,IntaRNA,APP serovar 8 NZ_LN908249.1,MIDG2331_RS06535,,,MIDG2331_RS06535,MIDG2331_RS06535,DUF927 domain-containing protein,"IntaRNA (75-75 nt, P-value < 0.05, NZ_LN908249.1)",,0.0141498,0.967073,,-11.69,-27,-16,136,147,IntaRNA_GcvB_APP8_75-75nt_PV-005.csv
IntaRNA,79,IntaRNA,APP serovar 8 NZ_LN908249.1,MIDG2331_RS06615,,,MIDG2331_RS06615,MIDG2331_RS06615,BolA family protein,"IntaRNA (75-75 nt, P-value < 0.05, NZ_LN908249.1)",,0.0457064,0.967073,,-9.78,15,33,58,73,IntaRNA_GcvB_APP8_75-75nt_PV-005.csv
CopraRNA,21,CopraRNA,,MIDG2331_RS06780,,,ptsB,ptsB,sucrose-specific PTS transporter subunit IIBC,CopraRNA,,0.069545,0.53193564,0.050775675,-11.687,46,60,75,89,CopraRNA_GcvB_APP8_EC_SM_PM.csv
IntaRNA,51,IntaRNA,APP serovar 8 NZ_LN908249.1,MIDG2331_RS06845,,,apxIIIA,apxIIIA,RTX family hemolysin,"IntaRNA (75-75 nt, P-value < 0.05, NZ_LN908249.1)",,0.0292108,0.967073,,-10.53,-62,-51,139,151,IntaRNA_GcvB_APP8_75-75nt_PV-005.csv
IntaRNA,59,IntaRNA,APP serovar 8 NZ_LN908249.1,MIDG2331_RS07015,,,MIDG2331_RS07015,MIDG2331_RS07015,conjugative transfer ATPase,"IntaRNA (75-75 nt, P-value < 0.05, NZ_LN908249.1)",,0.032378,0.967073,,-10.36,-27,5,126,153,IntaRNA_GcvB_APP8_75-75nt_PV-005.csv
TargetRNA2,23,TargetRNA2,,MIDG2331_RS07235,,,MIDG2331_RS07235,MIDG2331_RS07235,ParA family protein,"TargetRNA2 (80-20 nt, P-value < 0.05, NZ_LN908249.1)",,0.023,,,-10.02,-71,-57,90,104,TargetRNA2_GcvB_APP5.csv
CopraRNA,29,CopraRNA,,MIDG2331_RS07270,,,pepN,pepN,aminopeptidase N,CopraRNA,,0.8523652,0.628428637,0.084757513,-5.49328,-2,30,63,93,CopraRNA_GcvB_APP8_EC_SM_PM.csv
TargetRNA2,43,TargetRNA2,,MIDG2331_RS07320,apl_rs07105,APL_1350,tehB,tehB,SAM-dependent methyltransferase TehB,"TargetRNA2 (80-20 nt, P-value < 0.05, NZ_LN908249.1)",,0.049,,,-8.35,-8,10,81,98,TargetRNA2_GcvB_APP5.csv
CopraRNA,3,CopraRNA,,MIDG2331_RS07335,,,artI,artI,transporter substrate-binding domain-containing protein,CopraRNA,,0.0085527,0.007393658,1.00823e-4,-16.1173,-16,19,54,92,CopraRNA_GcvB_APP8_EC_SM_PM.csv
TargetRNA2,18,TargetRNA2,,MIDG2331_RS07400,apl_rs07185,APL_1366,mltF,mltF,membrane-bound lytic murein transglycosylase MltF,"TargetRNA2 (80-20 nt, P-value < 0.05, NZ_LN908249.1)",,0.013,,,-11.05,-23,-7,140,156,TargetRNA2_GcvB_APP5.csv
IntaRNA,74,IntaRNA,APP serovar 8 NZ_LN908249.1,MIDG2331_RS07790,,,glpC_2,glpC_2,D-2-hydroxyglutarate dehydrogenase YdiJ,"IntaRNA (75-75 nt, P-value < 0.05, NZ_LN908249.1)",,0.0416015,0.967073,,-9.94,-3,24,63,94,IntaRNA_GcvB_APP8_75-75nt_PV-005.csv
IntaRNA,49,IntaRNA,APP serovar 8 NZ_LN908249.1,MIDG2331_RS07905,,,MIDG2331_RS07905,MIDG2331_RS07905,protein disulfide oxidoreductase,"IntaRNA (75-75 nt, P-value < 0.05, NZ_LN908249.1)",,0.0264931,0.967073,,-10.69,-7,24,70,97,IntaRNA_GcvB_APP8_75-75nt_PV-005.csv
TargetRNA2,38,TargetRNA2,,MIDG2331_RS07905,apl_rs07800,APL_1479,MIDG2331_RS07905,MIDG2331_RS07905,protein disulfide oxidoreductase,"TargetRNA2 (80-20 nt, P-value < 0.05, NZ_LN908249.1)",,0.041,,,-8.75,-7,14,78,98,TargetRNA2_GcvB_APP5.csv
TargetRNA2,42,TargetRNA2,,MIDG2331_RS08050,apl_rs07665,APL_1452,serA,serA,phosphoglycerate dehydrogenase,"TargetRNA2 (80-20 nt, P-value < 0.05, NZ_LN908249.1)",,0.048,,,-8.4,-24,-10,77,90,TargetRNA2_GcvB_APP5.csv
IntaRNA,73,IntaRNA,APP serovar 8 NZ_LN908249.1,MIDG2331_RS08140,,thrC,thrC,thrC,threonine synthase,"IntaRNA (75-75 nt, P-value < 0.05, NZ_LN908249.1)",,0.0416015,0.967073,,-9.94,9,22,72,85,IntaRNA_GcvB_APP8_75-75nt_PV-005.csv
TargetRNA2,8,TargetRNA2,,MIDG2331_RS08140,apl_rs07905,APL_1499,thrC,thrC,threonine synthase,"TargetRNA2 (80-20 nt, P-value < 0.05, NZ_LN908249.1)",,0.004,,,-13.08,5,50,74,89,TargetRNA2_GcvB_APP5.csv
CopraRNA,8,CopraRNA,,MIDG2331_RS08210,,,cysE,cysE,serine O-acetyltransferase,CopraRNA,,0.0452073,0.334055102,0.012147458,-12.5827,-14,14,135,164,CopraRNA_GcvB_APP8_EC_SM_PM.csv
IntaRNA,82,IntaRNA,APP serovar 8 NZ_LN908249.1,MIDG2331_RS08255,,ccmI,ccmI,ccmI,c-type cytochrome biogenesis protein CcmI,"IntaRNA (75-75 nt, P-value < 0.05, NZ_LN908249.1)",,0.0495973,0.967073,,-9.64,57,64,9,16,IntaRNA_GcvB_APP8_75-75nt_PV-005.csv
IntaRNA,62,IntaRNA,APP serovar 8 NZ_LN908249.1,MIDG2331_RS08325,,epmA,epmA,epmA,elongation factor P--(R)-beta-lysine ligase,"IntaRNA (75-75 nt, P-value < 0.05, NZ_LN908249.1)",,0.0343855,0.967073,,-10.26,63,73,78,88,IntaRNA_GcvB_APP8_75-75nt_PV-005.csv
CopraRNA,22,CopraRNA,,MIDG2331_RS08490,,,wecC,wecC,UDP-N-acetyl-D-mannosamine dehydrogenase,CopraRNA,,0.2692866,0.5835814,0.05835814,-8.8175,-125,-78,54,91,CopraRNA_GcvB_APP8_EC_SM_PM.csv
TargetRNA2,11,TargetRNA2,,MIDG2331_RS08585,apl_rs08335,APL_1569,exbD1,exbD1,ExbD/TolR family protein,"TargetRNA2 (80-20 nt, P-value < 0.05, NZ_LN908249.1)",,0.01,,,-11.58,-59,-43,82,98,TargetRNA2_GcvB_APP5.csv
IntaRNA,6,IntaRNA,APP serovar 8 NZ_LN908249.1,MIDG2331_RS08685,,modF,modF,modF,molybdate ABC transporter ATP-binding protein ModF,"IntaRNA (75-75 nt, P-value < 0.05, NZ_LN908249.1)",,0.0018003,0.5076009,,-14.69,-7,18,76,97,IntaRNA_GcvB_APP8_75-75nt_PV-005.csv
IntaRNA,17,IntaRNA,APP serovar 8 NZ_LN908249.1,MIDG2331_RS08695,,,MIDG2331_RS08695,MIDG2331_RS08695,TAXI family TRAP transporter solute-binding subunit,"IntaRNA (75-75 nt, P-value < 0.05, NZ_LN908249.1)",,0.0086155,0.9562049,,-12.45,-31,-16,74,89,IntaRNA_GcvB_APP8_75-75nt_PV-005.csv
TargetRNA2,12,TargetRNA2,,MIDG2331_RS08695,apl_rs08435,APL_1588,MIDG2331_RS08695,MIDG2331_RS08695,TAXI family TRAP transporter solute-binding subunit,"TargetRNA2 (80-20 nt, P-value < 0.05, NZ_LN908249.1)",,0.01,,,-11.57,-32,-17,74,90,TargetRNA2_GcvB_APP5.csv
CopraRNA,23,CopraRNA,,MIDG2331_RS08720,,,lipA,lipA,lipoyl synthase,CopraRNA,,0.0681695,0.627671229,0.066249552,-11.7285,8,66,133,179,CopraRNA_GcvB_APP8_EC_SM_PM.csv
CopraRNA,24,CopraRNA,,MIDG2331_RS08750,,,mrdA,mrdA,penicillin-binding protein 2,CopraRNA,,0.1579901,0.627671229,0.068473225,-9.97216,-112,-80,53,84,CopraRNA_GcvB_APP8_EC_SM_PM.csv
TargetRNA2,21,TargetRNA2,,MIDG2331_RS08845,apl_rs08585,APL_1618,ureA,ureA,urease subunit gamma,"TargetRNA2 (80-20 nt, P-value < 0.05, NZ_LN908249.1)",,0.017,,,-10.64,-28,-15,77,89,TargetRNA2_GcvB_APP5.csv
IntaRNA,46,IntaRNA,APP serovar 8 NZ_LN908249.1,MIDG2331_RS08855,,,cbiO,cbiO,energy-coupling factor ABC transporter ATP-binding protein,"IntaRNA (75-75 nt, P-value < 0.05, NZ_LN908249.1)",,0.024159,0.967073,,-10.84,-19,42,39,90,IntaRNA_GcvB_APP8_75-75nt_PV-005.csv
IntaRNA,33,IntaRNA,APP serovar 8 NZ_LN908249.1,MIDG2331_RS08910,,glmS,glmS,glmS,glutamine--fructose-6-phosphate transaminase (isomerizing),"IntaRNA (75-75 nt, P-value < 0.05, NZ_LN908249.1)",,0.0162838,0.967073,,-11.47,51,61,171,181,IntaRNA_GcvB_APP8_75-75nt_PV-005.csv
IntaRNA,18,IntaRNA,APP serovar 8 NZ_LN908249.1,MIDG2331_RS09060,,,MIDG2331_RS09060,MIDG2331_RS09060,amino acid ABC transporter substrate-binding protein,"IntaRNA (75-75 nt, P-value < 0.05, NZ_LN908249.1)",,0.0092667,0.9562049,,-12.34,-65,-44,74,91,IntaRNA_GcvB_APP8_75-75nt_PV-005.csv
TargetRNA2,4,TargetRNA2,,MIDG2331_RS09060,apl_rs08805,APL_1657,MIDG2331_RS09060,MIDG2331_RS09060,amino acid ABC transporter substrate-binding protein,"TargetRNA2 (80-20 nt, P-value < 0.05, NZ_LN908249.1)",,0,,,-15.59,-62,-42,72,90,TargetRNA2_GcvB_APP5.csv
IntaRNA,22,IntaRNA,APP serovar 8 NZ_LN908249.1,MIDG2331_RS09100,,gntR,gntR,gntR,gluconate operon transcriptional repressor GntR,"IntaRNA (75-75 nt, P-value < 0.05, NZ_LN908249.1)",,0.0105006,0.9562049,,-12.15,-57,-26,54,87,IntaRNA_GcvB_APP8_75-75nt_PV-005.csv
TargetRNA2,36,TargetRNA2,,MIDG2331_RS09100,apl_rs08855,APL_1667,gntR,gntR,gluconate operon transcriptional repressor GntR,"TargetRNA2 (80-20 nt, P-value < 0.05, NZ_LN908249.1)",,0.037,,,-9.02,-3,15,79,96,TargetRNA2_GcvB_APP5.csv
TargetRNA2,31,TargetRNA2,,MIDG2331_RS09150,apl_rs08905,APL_1677,dmsD,dmsD,Tat proofreading chaperone DmsD,"TargetRNA2 (80-20 nt, P-value < 0.05, NZ_LN908249.1)",,0.032,,,-9.33,-5,12,79,96,TargetRNA2_GcvB_APP5.csv
TargetRNA2,28,TargetRNA2,,MIDG2331_RS09295,apl_rs09045,APL_1705,fkpA2,fkpA2,FKBP-type peptidyl-prolyl cis-trans isomerase,"TargetRNA2 (80-20 nt, P-value < 0.05, NZ_LN908249.1)",,0.03,,,-9.5,-26,-13,72,85,TargetRNA2_GcvB_APP5.csv
TargetRNA2,37,TargetRNA2,,MIDG2331_RS09355,apl_rs09105,APL_1716,secE,secE,preprotein translocase subunit SecE,"TargetRNA2 (80-20 nt, P-value < 0.05, NZ_LN908249.1)",,0.039,,,-8.87,-79,-64,130,144,TargetRNA2_GcvB_APP5.csv
TargetRNA2,24,TargetRNA2,,MIDG2331_RS09475,apl_rs09225,APL_1737,sfsA,sfsA,DNA/RNA nuclease SfsA,"TargetRNA2 (80-20 nt, P-value < 0.05, NZ_LN908249.1)",,0.024,,,-9.97,-7,7,85,98,TargetRNA2_GcvB_APP5.csv
IntaRNA,40,IntaRNA,APP serovar 8 NZ_LN908249.1,MIDG2331_RS09560,,,MIDG2331_RS09560,MIDG2331_RS09560,"IS256 family transposase, variant Zn-binding type","IntaRNA (75-75 nt, P-value < 0.05, NZ_LN908249.1)",,0.0214751,0.967073,,-11.03,-72,-61,141,152,IntaRNA_GcvB_APP8_75-75nt_PV-005.csv
IntaRNA,53,IntaRNA,APP serovar 8 NZ_LN908249.1,MIDG2331_RS09635,,nanA,nanA,nanA,N-acetylneuraminate lyase,"IntaRNA (75-75 nt, P-value < 0.05, NZ_LN908249.1)",,0.0301114,0.967073,,-10.48,-42,-35,173,180,IntaRNA_GcvB_APP8_75-75nt_PV-005.csv
IntaRNA,38,IntaRNA,APP serovar 8 NZ_LN908249.1,MIDG2331_RS09755,,rpmD,rpmD,rpmD,50S ribosomal protein L30,"IntaRNA (75-75 nt, P-value < 0.05, NZ_LN908249.1)",,0.0200502,0.967073,,-11.14,-75,-32,37,89,IntaRNA_GcvB_APP8_75-75nt_PV-005.csv
TargetRNA2,41,TargetRNA2,,MIDG2331_RS09895,apl_rs09585,APL_1804,MIDG2331_RS09895,MIDG2331_RS09895,DUF5377 family protein,"TargetRNA2 (80-20 nt, P-value < 0.05, NZ_LN908249.1)",,0.048,,,-8.4,-33,-22,76,87,TargetRNA2_GcvB_APP5.csv
IntaRNA,31,IntaRNA,APP serovar 8 NZ_LN908249.1,MIDG2331_RS10075,,,MIDG2331_RS10075,MIDG2331_RS10075,type II toxin-antitoxin system YafO family toxin,"IntaRNA (75-75 nt, P-value < 0.05, NZ_LN908249.1)",,0.0150854,0.967073,,-11.59,26,62,54,88,IntaRNA_GcvB_APP8_75-75nt_PV-005.csv
CopraRNA,2,CopraRNA,,MIDG2331_RS10200,,,ilvC,ilvC,ketol-acid reductoisomerase,CopraRNA,,5.84e-4,0.001471219,1.33747162641145e-5,-22.2264,-66,-44,73,95,CopraRNA_GcvB_APP8_EC_SM_PM.csv
IntaRNA,1,IntaRNA,APP serovar 8 NZ_LN908249.1,MIDG2331_RS10200,,ilvC,ilvC,ilvC,ketol-acid reductoisomerase,"IntaRNA (75-75 nt, P-value < 0.05, NZ_LN908249.1)",,1.5e-6,0.0031935,,-22.43,-66,-44,73,95,IntaRNA_GcvB_APP8_75-75nt_PV-005.csv
TargetRNA2,1,TargetRNA2,,MIDG2331_RS10200,apl_rs09870,APL_1853,ilvC,ilvC,ketol-acid reductoisomerase,"TargetRNA2 (80-20 nt, P-value < 0.05, NZ_LN908249.1)",,0,,,-18.08,-61,-43,72,90,TargetRNA2_GcvB_APP5.csv
TargetRNA2,7,TargetRNA2,,MIDG2331_RS10225,,,MIDG2331_RS10225,MIDG2331_RS10225,iron-containing alcohol dehydrogenase,"TargetRNA2 (80-20 nt, P-value < 0.05, NZ_LN908249.1)",,0.003,,,-13.44,-7,8,84,98,TargetRNA2_GcvB_APP5.csv
CopraRNA,15,CopraRNA,,MIDG2331_RS10235,,,dapD,dapD,2 3 4 5-tetrahydropyridine-2 6-dicarboxylate N-succinyltransferase,CopraRNA,,0.1851771,0.38110514,0.025984441,-9.63412,24,77,27,89,CopraRNA_GcvB_APP8_EC_SM_PM.csv
IntaRNA,61,IntaRNA,APP serovar 8 NZ_LN908249.1,MIDG2331_RS10265,,,MIDG2331_RS10265,MIDG2331_RS10265,DUF1040 family protein,"IntaRNA (75-75 nt, P-value < 0.05, NZ_LN908249.1)",,0.033975,0.967073,,-10.28,-49,-36,31,43,IntaRNA_GcvB_APP8_75-75nt_PV-005.csv
IntaRNA,4,IntaRNA,APP serovar 8 NZ_LN908249.1,MIDG2331_RS10295,,dapE,dapE,dapE,succinyl-diaminopimelate desuccinylase,"IntaRNA (75-75 nt, P-value < 0.05, NZ_LN908249.1)",,5.825e-4,0.3100356,,-16.17,-2,17,74,93,IntaRNA_GcvB_APP8_75-75nt_PV-005.csv
TargetRNA2,6,TargetRNA2,,MIDG2331_RS10295,apl_rs09965,APL_1873,dapE,dapE,succinyl-diaminopimelate desuccinylase,"TargetRNA2 (80-20 nt, P-value < 0.05, NZ_LN908249.1)",,0.001,,,-14.6,3,19,71,88,TargetRNA2_GcvB_APP5.csv
IntaRNA,75,IntaRNA,APP serovar 8 NZ_LN908249.1,MIDG2331_RS10465,,dnaK,dnaK,dnaK,molecular chaperone DnaK,"IntaRNA (75-75 nt, P-value < 0.05, NZ_LN908249.1)",,0.0423446,0.967073,,-9.91,54,63,172,181,IntaRNA_GcvB_APP8_75-75nt_PV-005.csv
IntaRNA,76,IntaRNA,APP serovar 8 NZ_LN908249.1,MIDG2331_RS10510,,panF,panF,panF,sodium/pantothenate symporter,"IntaRNA (75-75 nt, P-value < 0.05, NZ_LN908249.1)",,0.0433541,0.967073,,-9.87,-52,-33,153,179,IntaRNA_GcvB_APP8_75-75nt_PV-005.csv
TargetRNA2,20,TargetRNA2,,MIDG2331_RS10685,apl_rs10345,APL_1951,proA,proA,glutamate-5-semialdehyde dehydrogenase,"TargetRNA2 (80-20 nt, P-value < 0.05, NZ_LN908249.1)",,0.014,,,-10.9,-7,9,83,98,TargetRNA2_GcvB_APP5.csv
TargetRNA2,16,TargetRNA2,,MIDG2331_RS10890,apl_rs10560,APL_1992,fabG,fabG,3-oxoacyl-ACP reductase FabG,"TargetRNA2 (80-20 nt, P-value < 0.05, NZ_LN908249.1)",,0.013,,,-11.07,-66,-54,71,83,TargetRNA2_GcvB_APP5.csv
CopraRNA,28,CopraRNA,,MIDG2331_RS10965,,,rimI,rimI,ribosomal protein S18-alanine N-acetyltransferase,CopraRNA,,0.6343639,0.628428637,0.084644071,-6.64997,-19,25,31,82,CopraRNA_GcvB_APP8_EC_SM_PM.csv
TargetRNA2,32,TargetRNA2,,MIDG2331_RS11025,apl_rs10695,APL_2019,hisG,hisG,ATP phosphoribosyltransferase,"TargetRNA2 (80-20 nt, P-value < 0.05, NZ_LN908249.1)",,0.034,,,-9.21,-25,-10,74,89,TargetRNA2_GcvB_APP5.csv
CopraRNA,33,CopraRNA,,MIDG2331_RS11030,,,hisD,hisD,histidinol dehydrogenase,CopraRNA,,0.2649466,0.631579439,0.097278636,-8.85371,-4,7,84,95,CopraRNA_GcvB_APP8_EC_SM_PM.csv
TargetRNA2,13,TargetRNA2,,MIDG2331_RS11030,apl_rs10700,APL_2020,hisD,hisD,histidinol dehydrogenase,"TargetRNA2 (80-20 nt, P-value < 0.05, NZ_LN908249.1)",,0.01,,,-11.53,-9,9,83,99,TargetRNA2_GcvB_APP5.csv
IntaRNA,36,IntaRNA,APP serovar 8 NZ_LN908249.1,MIDG2331_RS11045,,hisB,hisB,hisB,bifunctional histidinol-phosphatase/imidazoleglycerol-phosphate dehydratase HisB,"IntaRNA (75-75 nt, P-value < 0.05, NZ_LN908249.1)",,0.01895,0.967073,,-11.23,-6,8,75,89,IntaRNA_GcvB_APP8_75-75nt_PV-005.csv
TargetRNA2,33,TargetRNA2,,MIDG2331_RS11045,apl_rs10715,APL_2023,hisB,hisB,bifunctional histidinol-phosphatase/imidazoleglycerol-phosphate dehydratase HisB,"TargetRNA2 (80-20 nt, P-value < 0.05, NZ_LN908249.1)",,0.035,,,-9.13,-12,7,77,96,TargetRNA2_GcvB_APP5.csv
CopraRNA,32,CopraRNA,,MIDG2331_RS11065,,,hisA,hisA,1-(5-phosphoribosyl)-5-[(5- phosphoribosylamino)methylideneamino]imidazole-4- carboxamide isomerase,CopraRNA,,0.0868793,0.631579439,0.092057037,-11.2245,-4,22,74,95,CopraRNA_GcvB_APP8_EC_SM_PM.csv
IntaRNA,77,IntaRNA,APP serovar 8 NZ_LN908249.1,MIDG2331_RS11145,,,MIDG2331_RS11145,MIDG2331_RS11145,SirB1 family protein,"IntaRNA (75-75 nt, P-value < 0.05, NZ_LN908249.1)",,0.0441256,0.967073,,-9.84,-2,7,174,182,IntaRNA_GcvB_APP8_75-75nt_PV-005.csv
IntaRNA,42,IntaRNA,APP serovar 8 NZ_LN908249.1,MIDG2331_RS11530,,,MIDG2331_RS11530,MIDG2331_RS11530,cysteine ABC transporter substrate-binding protein,"IntaRNA (75-75 nt, P-value < 0.05, NZ_LN908249.1)",,0.0218797,0.967073,,-11,9,21,75,87,IntaRNA_GcvB_APP8_75-75nt_PV-005.csv
IntaRNA,47,IntaRNA,APP serovar 8 NZ_LN908249.1,MIDG2331_RS11550,,,MIDG2331_RS11550,MIDG2331_RS11550,Derived by automated computational analysis using gene prediction method: GeneMarkS-2+.,"IntaRNA (75-75 nt, P-value < 0.05, NZ_LN908249.1)",,0.024159,0.967073,,-10.84,-9,19,134,158,IntaRNA_GcvB_APP8_75-75nt_PV-005.csv
