reference_locus,gene,annotation,strand,gene_start,gene_end,translation_start,condition,TSS_coord,score_numeric,tss_source,tss_feature,tss_attribute,upstream_distance
MIDG2331_RS00110,ftsA,cell division protein FtsA,+,25146,26420,25146,WT_broth,24604,60.353,vertis,TSS,LN908249_24604_60.353_+_1.51406444285081,542
MIDG2331_RS00110,ftsA,cell division protein FtsA,+,25146,26420,25146,WT_broth,24452,187.703,vertis,TSS,LN908249_24452_187.703_+_3.20648576074107,694
MIDG2331_RS00110,ftsA,cell division protein FtsA,+,25146,26420,25146,WT_plate,24604,15.391,vertis,TSS,LN908249_24604_15.391_+_0.95523950353814,542
MIDG2331_RS00110,ftsA,cell division protein FtsA,+,25146,26420,25146,WT_plate,24452,62.845,vertis,TSS,LN908249_24452_62.845_+_2.22816601549067,694
MIDG2331_RS00380,ilvE,branched-chain amino acid aminotransferase,-,82953,83990,83990,WT_broth,84486,281.278,vertis,TSS,LN908249_84486_281.278_-_2.31271498796314,496
MIDG2331_RS00380,ilvE,branched-chain amino acid aminotransferase,-,82953,83990,83990,WT_broth,85577,120.152,vertis,TSS,LN908249_85577_120.152_-_1.25803844458779,1587
MIDG2331_RS00380,ilvE,branched-chain amino acid aminotransferase,-,82953,83990,83990,WT_plate,84019,17.314,vertis,TSS,LN908249_84019_17.314_-_0.625480692872801,29
MIDG2331_RS00380,ilvE,branched-chain amino acid aminotransferase,-,82953,83990,83990,WT_plate,84027,101.321,vertis,TSS,LN908249_84027_101.321_-_0.797241707577547,37
MIDG2331_RS00380,ilvE,branched-chain amino acid aminotransferase,-,82953,83990,83990,WT_plate,84376,92.985,vertis,TSS,LN908249_84376_92.985_-_1.70765686362422,386
MIDG2331_RS00380,ilvE,branched-chain amino acid aminotransferase,-,82953,83990,83990,WT_plate,84410,37.835,vertis,TSS,LN908249_84410_37.835_-_2.25287397767978,420
MIDG2331_RS00380,ilvE,branched-chain amino acid aminotransferase,-,82953,83990,83990,WT_plate,84422,14.749,vertis,TSS,LN908249_84422_14.749_-_2.75161436638637,432
MIDG2331_RS00380,ilvE,branched-chain amino acid aminotransferase,-,82953,83990,83990,WT_plate,84488,515.583,vertis,TSS,LN908249_84488_515.583_-_1.40348540933515,498
MIDG2331_RS00380,ilvE,branched-chain amino acid aminotransferase,-,82953,83990,83990,WT_plate,85577,140.439,vertis,TSS,LN908249_85577_140.439_-_3.17004827973517,1587
MIDG2331_RS00390,recR,recombination mediator RecR,-,84536,85141,85141,WT_broth,85577,120.152,vertis,TSS,LN908249_85577_120.152_-_1.25803844458779,436
MIDG2331_RS00390,recR,recombination mediator RecR,-,84536,85141,85141,WT_plate,85577,140.439,vertis,TSS,LN908249_85577_140.439_-_3.17004827973517,436
MIDG2331_RS00515,ilvG,acetolactate synthase 2 catalytic subunit,-,103111,104763,104763,WT_broth,104815,47.618,vertis,TSS,LN908249_104815_47.618_-_2.19964772852068,52
MIDG2331_RS00615,proQ,RNA chaperone ProQ,+,138579,139127,138579,WT_broth,138522,229.231,vertis,TSS,LN908249_138522_229.231_+_3.16727153137632,57
MIDG2331_RS00615,proQ,RNA chaperone ProQ,+,138579,139127,138579,WT_broth,138444,129.565,vertis,TSS,LN908249_138444_129.565_+_0.671710101118154,135
MIDG2331_RS00615,proQ,RNA chaperone ProQ,+,138579,139127,138579,WT_plate,138523,205.849,vertis,TSS,LN908249_138523_205.849_+_3.40485742737517,56
MIDG2331_RS00615,proQ,RNA chaperone ProQ,+,138579,139127,138579,WT_plate,138444,67.334,vertis,TSS,LN908249_138444_67.334_+_0.221314384636119,135
MIDG2331_RS00670,rsgA,small ribosomal subunit biogenesis GTPase RsgA,-,148122,149156,149156,WT_broth,149183,266.328,vertis,TSS,LN908249_149183_266.328_-_0.825253520275401,27
MIDG2331_RS00670,rsgA,small ribosomal subunit biogenesis GTPase RsgA,-,148122,149156,149156,WT_broth,149253,22.148,vertis,TSS,LN908249_149253_22.148_-_2.3361987098568,97
MIDG2331_RS00670,rsgA,small ribosomal subunit biogenesis GTPase RsgA,-,148122,149156,149156,WT_plate,149183,34.629,vertis,TSS,LN908249_149183_34.629_-_0.443918312931668,27
MIDG2331_RS00670,rsgA,small ribosomal subunit biogenesis GTPase RsgA,-,148122,149156,149156,WT_plate,149554,78.235,vertis,TSS,LN908249_149554_78.235_-_1.81907525783756,398
MIDG2331_RS00675,gcvA,transcriptional regulator GcvA,+,149666,150556,149666,WT_broth,149414,44.296,vertis,TSS,LN908249_149414_44.296_+_2.79577424335098,252
MIDG2331_RS00675,gcvA,transcriptional regulator GcvA,+,149666,150556,149666,WT_broth,149349,2913.001,vertis,TSS,LN908249_149349_2913.001_+_4.31133924893803,317
MIDG2331_RS00675,gcvA,transcriptional regulator GcvA,+,149666,150556,149666,WT_broth,149275,106.31,vertis,TSS,LN908249_149275_106.310_+_2.88885309047015,391
MIDG2331_RS00675,gcvA,transcriptional regulator GcvA,+,149666,150556,149666,WT_plate,149468,83.365,vertis,TSS,LN908249_149468_83.365_+_3.92851093920646,198
MIDG2331_RS00675,gcvA,transcriptional regulator GcvA,+,149666,150556,149666,WT_plate,149349,13.467,vertis,TSS,LN908249_149349_13.467_+_3.2982341503788,317
MIDG2331_RS00675,gcvA,transcriptional regulator GcvA,+,149666,150556,149666,WT_plate,149275,14.749,vertis,TSS,LN908249_149275_14.749_+_1.94444767513873,391
MIDG2331_RS00685,cysB,HTH-type transcriptional regulator CysB,+,151236,152219,151236,WT_broth,151123,52.601,vertis,TSS,LN908249_151123_52.601_+_1.21074644896633,113
MIDG2331_RS00685,cysB,HTH-type transcriptional regulator CysB,+,151236,152219,151236,WT_broth,149678,17.165,vertis,TSS,LN908249_149678_17.165_+_0.72761055845992,1558
MIDG2331_RS00685,cysB,HTH-type transcriptional regulator CysB,+,151236,152219,151236,WT_broth,149414,44.296,vertis,TSS,LN908249_149414_44.296_+_2.79577424335098,1822
MIDG2331_RS00685,cysB,HTH-type transcriptional regulator CysB,+,151236,152219,151236,WT_broth,149349,2913.001,vertis,TSS,LN908249_149349_2913.001_+_4.31133924893803,1887
MIDG2331_RS00685,cysB,HTH-type transcriptional regulator CysB,+,151236,152219,151236,WT_broth,149275,106.31,vertis,TSS,LN908249_149275_106.310_+_2.88885309047015,1961
MIDG2331_RS00685,cysB,HTH-type transcriptional regulator CysB,+,151236,152219,151236,WT_plate,151123,20.521,vertis,TSS,LN908249_151123_20.521_+_2.22809826106868,113
MIDG2331_RS00685,cysB,HTH-type transcriptional regulator CysB,+,151236,152219,151236,WT_plate,149468,83.365,vertis,TSS,LN908249_149468_83.365_+_3.92851093920646,1768
MIDG2331_RS00685,cysB,HTH-type transcriptional regulator CysB,+,151236,152219,151236,WT_plate,149349,13.467,vertis,TSS,LN908249_149349_13.467_+_3.2982341503788,1887
MIDG2331_RS00685,cysB,HTH-type transcriptional regulator CysB,+,151236,152219,151236,WT_plate,149275,14.749,vertis,TSS,LN908249_149275_14.749_+_1.94444767513873,1961
MIDG2331_RS00715,leuC,3-isopropylmalate dehydratase large subunit,-,157199,158608,158608,WT_broth,158703,28.239,vertis,TSS,LN908249_158703_28.239_-_2.68671128364554,95
MIDG2331_RS00715,leuC,3-isopropylmalate dehydratase large subunit,-,157199,158608,158608,WT_plate,158703,21.803,vertis,TSS,LN908249_158703_21.803_-_2.31552388241843,95
MIDG2331_RS00895,dksA,RNA polymerase-binding protein DksA,+,196616,197065,196616,WT_broth,196542,100.773,vertis,TSS,LN908249_196542_100.773_+_1.35220762503876,74
MIDG2331_RS00895,dksA,RNA polymerase-binding protein DksA,+,196616,197065,196616,WT_broth,196474,10.52,vertis,TSS,LN908249_196474_10.520_+_0.914280675113597,142
MIDG2331_RS00895,dksA,RNA polymerase-binding protein DksA,+,196616,197065,196616,WT_broth,195432,18.272,vertis,TSS,LN908249_195432_18.272_+_3.19589724096465,1184
MIDG2331_RS00895,dksA,RNA polymerase-binding protein DksA,+,196616,197065,196616,WT_broth,195281,192.687,vertis,TSS,LN908249_195281_192.687_+_4.91678515197152,1335
MIDG2331_RS00895,dksA,RNA polymerase-binding protein DksA,+,196616,197065,196616,WT_plate,196551,25.01,vertis,TSS,LN908249_196551_25.010_+_2.70633559133215,65
MIDG2331_RS00895,dksA,RNA polymerase-binding protein DksA,+,196616,197065,196616,WT_plate,196476,16.032,vertis,TSS,LN908249_196476_16.032_+_2.41263980047053,140
MIDG2331_RS00895,dksA,RNA polymerase-binding protein DksA,+,196616,197065,196616,WT_plate,195281,223.163,vertis,TSS,LN908249_195281_223.163_+_3.3312870330562,1335
MIDG2331_RS00945,aroF,3-deoxy-7-phosphoheptulonate synthase,-,207567,208628,208628,WT_broth,208660,14.396,vertis,TSS,LN908249_208660_14.396_-_0.589227937261064,32
MIDG2331_RS00945,aroF,3-deoxy-7-phosphoheptulonate synthase,-,207567,208628,208628,WT_plate,210294,10.902,vertis,TSS,LN908249_210294_10.902_-_0.923460858497935,1666
MIDG2331_RS01055,dxs,1-deoxy-D-xylulose-5-phosphate synthase,+,228650,230503,228650,WT_broth,227684,152.82,vertis,TSS,LN908249_227684_152.820_+_1.77493973803616,966
MIDG2331_RS01055,dxs,1-deoxy-D-xylulose-5-phosphate synthase,+,228650,230503,228650,WT_plate,227684,109.016,vertis,TSS,LN908249_227684_109.016_+_2.44776699627643,966
MIDG2331_RS01105,csy1,type I-F CRISPR-associated protein Csy1,-,242676,244025,244025,WT_broth,244049,100.773,vertis,TSS,LN908249_244049_100.773_-_1.35220762503876,24
MIDG2331_RS01105,csy1,type I-F CRISPR-associated protein Csy1,-,242676,244025,244025,WT_plate,244050,28.216,vertis,TSS,LN908249_244050_28.216_-_1.51773210411407,25
MIDG2331_RS01225,mutT,8-oxo-dGTP diphosphatase MutT,+,262206,262604,262206,WT_broth,262151,12.735,vertis,TSS,LN908249_262151_12.735_+_2.99717063050933,55
MIDG2331_RS01240,argD2,aspartate aminotransferase family protein,+,264681,265862,264681,WT_broth,262814,25.47,vertis,TSS,LN908249_262814_25.470_+_0.675423449164226,1867
MIDG2331_RS01660,metC,cystathionine beta-lyase,-,361950,363140,363140,WT_broth,363781,45.403,vertis,TSS,LN908249_363781_45.403_-_2.37197438480799,641
MIDG2331_RS01660,metC,cystathionine beta-lyase,-,361950,363140,363140,WT_plate,363781,13.467,vertis,TSS,LN908249_363781_13.467_-_1.7136229695281,641
MIDG2331_RS01660,metC,cystathionine beta-lyase,-,361950,363140,363140,WT_plate,364148,14.749,vertis,TSS,LN908249_364148_14.749_-_2.29230252815023,1008
MIDG2331_RS01960,glpB,glycerol-3-phosphate dehydrogenase subunit GlpB,+,437895,439181,437895,WT_broth,436172,1019.91,vertis,TSS,LN908249_436172_1019.910_+_2.03312377070564,1723
MIDG2331_RS01960,glpB,glycerol-3-phosphate dehydrogenase subunit GlpB,+,437895,439181,437895,WT_plate,436172,30.781,vertis,TSS,LN908249_436172_30.781_+_4.49084575038021,1723
MIDG2331_RS02235,leuB,3-isopropylmalate dehydrogenase,+,494812,495894,494812,WT_broth,494782,49.279,vertis,TSS,LN908249_494782_49.279_+_0.16816585118305,30
MIDG2331_RS02235,leuB,3-isopropylmalate dehydrogenase,+,494812,495894,494812,WT_broth,494333,50.386,vertis,TSS,LN908249_494333_50.386_+_3.81177113406307,479
MIDG2331_RS02235,leuB,3-isopropylmalate dehydrogenase,+,494812,495894,494812,WT_broth,493060,218.157,vertis,TSS,LN908249_493060_218.157_+_1.14746409925368,1752
MIDG2331_RS02235,leuB,3-isopropylmalate dehydrogenase,+,494812,495894,494812,WT_plate,494782,11.543,vertis,TSS,LN908249_494782_11.543_+_1.69747438798529,30
MIDG2331_RS02235,leuB,3-isopropylmalate dehydrogenase,+,494812,495894,494812,WT_plate,494333,26.933,vertis,TSS,LN908249_494333_26.933_+_3.16106032383355,479
MIDG2331_RS02235,leuB,3-isopropylmalate dehydrogenase,+,494812,495894,494812,WT_plate,493060,62.845,vertis,TSS,LN908249_493060_62.845_+_2.45054051036178,1752
MIDG2331_RS02245,gap,type I glyceraldehyde-3-phosphate dehydrogenase,+,496636,497640,496636,WT_broth,496567,11.074,vertis,TSS,LN908249_496567_11.074_+_1.0953171281457,69
MIDG2331_RS02245,gap,type I glyceraldehyde-3-phosphate dehydrogenase,+,496636,497640,496636,WT_broth,496531,57.031,vertis,TSS,LN908249_496531_57.031_+_1.83837081916299,105
MIDG2331_RS02245,gap,type I glyceraldehyde-3-phosphate dehydrogenase,+,496636,497640,496636,WT_broth,494782,49.279,vertis,TSS,LN908249_494782_49.279_+_0.16816585118305,1854
MIDG2331_RS02245,gap,type I glyceraldehyde-3-phosphate dehydrogenase,+,496636,497640,496636,WT_plate,496603,19.879,vertis,TSS,LN908249_496603_19.879_+_0.454396534481019,33
MIDG2331_RS02245,gap,type I glyceraldehyde-3-phosphate dehydrogenase,+,496636,497640,496636,WT_plate,496578,189.817,vertis,TSS,LN908249_496578_189.817_+_0.220879458204944,58
MIDG2331_RS02245,gap,type I glyceraldehyde-3-phosphate dehydrogenase,+,496636,497640,496636,WT_plate,496528,26.933,vertis,TSS,LN908249_496528_26.933_+_0.430673947187882,108
MIDG2331_RS02245,gap,type I glyceraldehyde-3-phosphate dehydrogenase,+,496636,497640,496636,WT_plate,494782,11.543,vertis,TSS,LN908249_494782_11.543_+_1.69747438798529,1854
MIDG2331_RS02300,ykgF,LutB/LldF family L-lactate oxidation iron-sulfur protein,-,517763,519172,519172,WT_plate,519504,17.956,vertis,TSS,LN908249_519504_17.956_-_0.906217853679383,332
MIDG2331_RS02300,ykgF,LutB/LldF family L-lactate oxidation iron-sulfur protein,-,517763,519172,519172,WT_plate,520077,26.292,vertis,TSS,LN908249_520077_26.292_-_0.885282749081574,905
MIDG2331_RS02300,ykgF,LutB/LldF family L-lactate oxidation iron-sulfur protein,-,517763,519172,519172,WT_plate,520584,16.032,vertis,TSS,LN908249_520584_16.032_-_3.06478494745903,1412
MIDG2331_RS02335,sucC,ADP-forming succinate--CoA ligase subunit beta,-,526806,527972,527972,WT_broth,528006,253.04,vertis,TSS,LN908249_528006_253.040_-_0.904686531413788,34
MIDG2331_RS02335,sucC,ADP-forming succinate--CoA ligase subunit beta,-,526806,527972,527972,WT_broth,529009,13.289,vertis,TSS,LN908249_529009_13.289_-_0.47379247548399,1037
MIDG2331_RS02335,sucC,ADP-forming succinate--CoA ligase subunit beta,-,526806,527972,527972,WT_broth,529404,14.95,vertis,TSS,LN908249_529404_14.950_-_5.22761292775048,1432
MIDG2331_RS02335,sucC,ADP-forming succinate--CoA ligase subunit beta,-,526806,527972,527972,WT_plate,528006,160.959,vertis,TSS,LN908249_528006_160.959_-_0.691910799618973,34
MIDG2331_RS02335,sucC,ADP-forming succinate--CoA ligase subunit beta,-,526806,527972,527972,WT_plate,529009,10.26,vertis,TSS,LN908249_529009_10.260_-_0.980169787898216,1037
MIDG2331_RS02505,rplY,50S ribosomal protein L25,+,562824,563111,562824,WT_broth,562723,325.574,vertis,TSS,LN908249_562723_325.574_+_2.81546022134175,101
MIDG2331_RS02505,rplY,50S ribosomal protein L25,+,562824,563111,562824,WT_broth,561269,19.933,vertis,TSS,LN908249_561269_19.933_+_1.2513423279276,1555
MIDG2331_RS02505,rplY,50S ribosomal protein L25,+,562824,563111,562824,WT_plate,562752,13.467,vertis,TSS,LN908249_562752_13.467_+_2.16111388891202,72
MIDG2331_RS02505,rplY,50S ribosomal protein L25,+,562824,563111,562824,WT_plate,562743,252.02,vertis,TSS,LN908249_562743_252.020_+_0.506703010520173,81
MIDG2331_RS02505,rplY,50S ribosomal protein L25,+,562824,563111,562824,WT_plate,562723,262.922,vertis,TSS,LN908249_562723_262.922_+_1.87422770308276,101
MIDG2331_RS02505,rplY,50S ribosomal protein L25,+,562824,563111,562824,WT_plate,561269,57.073,vertis,TSS,LN908249_561269_57.073_+_2.703970324881,1555
MIDG2331_RS02505,rplY,50S ribosomal protein L25,+,562824,563111,562824,WT_plate,561207,23.727,vertis,TSS,LN908249_561207_23.727_+_1.39325258635192,1617
MIDG2331_RS02890,rpsI,30S ribosomal protein S9,+,651993,652388,651993,WT_broth,651409,870.412,vertis,TSS,LN908249_651409_870.412_+_5.33727822193043,584
MIDG2331_RS02890,rpsI,30S ribosomal protein S9,+,651993,652388,651993,WT_plate,651821,41.041,vertis,TSS,LN908249_651821_41.041_+_0.00899185907703032,172
MIDG2331_RS02890,rpsI,30S ribosomal protein S9,+,651993,652388,651993,WT_plate,651409,716.943,vertis,TSS,LN908249_651409_716.943_+_3.82348062429435,584
MIDG2331_RS02905,fieF,cation diffusion facilitator family transporter,+,653863,654786,653863,WT_broth,652486,101.88,vertis,TSS,LN908249_652486_101.880_+_0.631018364702837,1377
MIDG2331_RS02905,fieF,cation diffusion facilitator family transporter,+,653863,654786,653863,WT_plate,652486,26.933,vertis,TSS,LN908249_652486_26.933_+_1.41102562712989,1377
MIDG2331_RS02905,fieF,cation diffusion facilitator family transporter,+,653863,654786,653863,WT_plate,652039,13.467,vertis,TSS,LN908249_652039_13.467_+_1.16111388891202,1824
MIDG2331_RS02970,lrp,leucine-responsive transcriptional regulator Lrp,+,667396,667878,667396,WT_broth,667246,42.081,vertis,TSS,LN908249_667246_42.081_+_2.47385119510259,150
MIDG2331_RS02970,lrp,leucine-responsive transcriptional regulator Lrp,+,667396,667878,667396,WT_broth,666032,33.222,vertis,TSS,LN908249_666032_33.222_+_3.21088713233229,1364
MIDG2331_RS02970,lrp,leucine-responsive transcriptional regulator Lrp,+,667396,667878,667396,WT_plate,667246,18.597,vertis,TSS,LN908249_667246_18.597_+_1.83820896677046,150
MIDG2331_RS02975,ftsK,DNA translocase FtsK,+,667890,670760,667890,WT_broth,667246,42.081,vertis,TSS,LN908249_667246_42.081_+_2.47385119510259,644
MIDG2331_RS02975,ftsK,DNA translocase FtsK,+,667890,670760,667890,WT_broth,666032,33.222,vertis,TSS,LN908249_666032_33.222_+_3.21088713233229,1858
MIDG2331_RS02975,ftsK,DNA translocase FtsK,+,667890,670760,667890,WT_plate,667246,18.597,vertis,TSS,LN908249_667246_18.597_+_1.83820896677046,644
MIDG2331_RS03230,ompP2B,porin,-,712179,713264,713264,WT_broth,713331,38.759,vertis,TSS,LN908249_713331_38.759_-_0.245505452290317,67
MIDG2331_RS03230,ompP2B,porin,-,712179,713264,713264,WT_broth,713379,5574.071,vertis,TSS,LN908249_713379_5574.071_-_1.26729921357768,115
MIDG2331_RS03230,ompP2B,porin,-,712179,713264,713264,WT_plate,713270,29.499,vertis,TSS,LN908249_713270_29.499_-_0.0103071119018521,6
MIDG2331_RS03230,ompP2B,porin,-,712179,713264,713264,WT_plate,713330,1096.576,vertis,TSS,LN908249_713330_1096.576_-_0.694738505742225,66
MIDG2331_RS03230,ompP2B,porin,-,712179,713264,713264,WT_plate,713379,9020.142,vertis,TSS,LN908249_713379_9020.142_-_1.4661519944973,115
MIDG2331_RS03295,aspC,amino acid aminotransferase,+,725436,726632,725436,WT_broth,725403,396.447,vertis,TSS,LN908249_725403_396.447_+_0.546080165408126,33
MIDG2331_RS03300,pepP,Xaa-Pro aminopeptidase,-,726812,728098,728098,WT_broth,728119,10.52,vertis,TSS,LN908249_728119_10.520_-_2.13684540998156,21
MIDG2331_RS03300,pepP,Xaa-Pro aminopeptidase,-,726812,728098,728098,WT_plate,728120,21.803,vertis,TSS,LN908249_728120_21.803_-_2.14574528059479,22
MIDG2331_RS03495,hisC,histidinol-phosphate transaminase,-,773752,774846,774846,WT_broth,774880,249.717,vertis,TSS,LN908249_774880_249.717_-_1.88988029431301,34
MIDG2331_RS03495,hisC,histidinol-phosphate transaminase,-,773752,774846,774846,WT_broth,775367,11.628,vertis,TSS,LN908249_775367_11.628_-_4.86507041991389,521
MIDG2331_RS03495,hisC,histidinol-phosphate transaminase,-,773752,774846,774846,WT_broth,776342,71.427,vertis,TSS,LN908249_776342_71.427_-_1.41892752132604,1496
MIDG2331_RS03495,hisC,histidinol-phosphate transaminase,-,773752,774846,774846,WT_plate,774880,123.124,vertis,TSS,LN908249_774880_123.124_-_1.57471111822311,34
MIDG2331_RS03495,hisC,histidinol-phosphate transaminase,-,773752,774846,774846,WT_plate,776342,20.521,vertis,TSS,LN908249_776342_20.521_-_1.52775989492741,1496
MIDG2331_RS03630,ilvI,acetolactate synthase 3 large subunit,+,806361,808085,806361,WT_broth,806313,21.594,vertis,TSS,LN908249_806313_21.594_+_0.51121749014545,48
MIDG2331_RS03630,ilvI,acetolactate synthase 3 large subunit,+,806361,808085,806361,WT_broth,804971,1846.58,vertis,TSS,LN908249_804971_1846.580_+_2.59228602044599,1390
MIDG2331_RS03630,ilvI,acetolactate synthase 3 large subunit,+,806361,808085,806361,WT_plate,805292,12.825,vertis,TSS,LN908249_805292_12.825_+_1.3801774490696,1069
MIDG2331_RS03630,ilvI,acetolactate synthase 3 large subunit,+,806361,808085,806361,WT_plate,804971,5045.534,vertis,TSS,LN908249_804971_5045.534_+_2.54607073748668,1390
MIDG2331_RS03810,arfA,alternative ribosome-rescue factor A,-,842285,842527,842527,WT_broth,842568,196.009,vertis,TSS,LN908249_842568_196.009_-_0.301140225049097,41
MIDG2331_RS03810,arfA,alternative ribosome-rescue factor A,-,842285,842527,842527,WT_broth,843881,17.718,vertis,TSS,LN908249_843881_17.718_-_2.01423804518152,1354
MIDG2331_RS03810,arfA,alternative ribosome-rescue factor A,-,842285,842527,842527,WT_plate,842568,302.681,vertis,TSS,LN908249_842568_302.681_-_1.49610770480673,41
MIDG2331_RS03810,arfA,alternative ribosome-rescue factor A,-,842285,842527,842527,WT_plate,843881,21.162,vertis,TSS,LN908249_843881_21.162_-_2.68751070593772,1354
MIDG2331_RS03840,sstT,serine/threonine transporter SstT,-,849091,850305,850305,WT_broth,850369,110.739,vertis,TSS,LN908249_850369_110.739_-_3.41723219520612,64
MIDG2331_RS04545,dapA,4-hydroxy-tetrahydrodipicolinate synthase,-,1011389,1012282,1012282,WT_broth,1012311,13.289,vertis,TSS,LN908249_1012311_13.289_-_0.97130100366366,29
MIDG2331_RS04545,dapA,4-hydroxy-tetrahydrodipicolinate synthase,-,1011389,1012282,1012282,WT_broth,1012331,40.42,vertis,TSS,LN908249_1012331_40.420_-_0.237323491403797,49
MIDG2331_RS04545,dapA,4-hydroxy-tetrahydrodipicolinate synthase,-,1011389,1012282,1012282,WT_broth,1013649,21.594,vertis,TSS,LN908249_1013649_21.594_-_5.75809795142354,1367
MIDG2331_RS04545,dapA,4-hydroxy-tetrahydrodipicolinate synthase,-,1011389,1012282,1012282,WT_plate,1012331,18.597,vertis,TSS,LN908249_1012331_18.597_-_0.659955589440857,49
MIDG2331_RS04600,hlpA,MetQ/NlpA family lipoprotein,-,1020547,1021368,1021368,WT_broth,1023129,57.031,vertis,TSS,LN908249_1023129_57.031_-_1.20606758636859,1761
MIDG2331_RS04600,hlpA,MetQ/NlpA family lipoprotein,-,1020547,1021368,1021368,WT_plate,1023129,26.933,vertis,TSS,LN908249_1023129_26.933_-_1.00574298529443,1761
MIDG2331_RS04690,iscU,Fe-S cluster assembly scaffold IscU,-,1039184,1039567,1039567,WT_broth,1040177,14.396,vertis,TSS,LN908249_1040177_14.396_-_0.174152746577808,610
MIDG2331_RS04690,iscU,Fe-S cluster assembly scaffold IscU,-,1039184,1039567,1039567,WT_broth,1041477,205.422,vertis,TSS,LN908249_1041477_205.422_-_1.89011208174777,1910
MIDG2331_RS04690,iscU,Fe-S cluster assembly scaffold IscU,-,1039184,1039567,1039567,WT_plate,1039718,12.825,vertis,TSS,LN908249_1039718_12.825_-_0.964993550172087,151
MIDG2331_RS04690,iscU,Fe-S cluster assembly scaffold IscU,-,1039184,1039567,1039567,WT_plate,1039768,41.041,vertis,TSS,LN908249_1039768_41.041_-_0.19473062757667,201
MIDG2331_RS04690,iscU,Fe-S cluster assembly scaffold IscU,-,1039184,1039567,1039567,WT_plate,1039777,142.363,vertis,TSS,LN908249_1039777_142.363_-_0.353708456811596,210
MIDG2331_RS04690,iscU,Fe-S cluster assembly scaffold IscU,-,1039184,1039567,1039567,WT_plate,1039789,12.184,vertis,TSS,LN908249_1039789_12.184_-_0.668630149941152,222
MIDG2331_RS04690,iscU,Fe-S cluster assembly scaffold IscU,-,1039184,1039567,1039567,WT_plate,1039877,27.575,vertis,TSS,LN908249_1039877_27.575_-_1.13085343985862,310
MIDG2331_RS04690,iscU,Fe-S cluster assembly scaffold IscU,-,1039184,1039567,1039567,WT_plate,1039901,10.26,vertis,TSS,LN908249_1039901_10.260_-_0.420673033948276,334
MIDG2331_RS04690,iscU,Fe-S cluster assembly scaffold IscU,-,1039184,1039567,1039567,WT_plate,1039912,33.987,vertis,TSS,LN908249_1039912_33.987_-_0.670679380385958,345
MIDG2331_RS04690,iscU,Fe-S cluster assembly scaffold IscU,-,1039184,1039567,1039567,WT_plate,1039978,12.184,vertis,TSS,LN908249_1039978_12.184_-_0.521831263196556,411
MIDG2331_RS04690,iscU,Fe-S cluster assembly scaffold IscU,-,1039184,1039567,1039567,WT_plate,1040009,10.902,vertis,TSS,LN908249_1040009_10.902_-_0.560751346525495,442
MIDG2331_RS04690,iscU,Fe-S cluster assembly scaffold IscU,-,1039184,1039567,1039567,WT_plate,1040037,17.956,vertis,TSS,LN908249_1040037_17.956_-_1.12866046880694,470
MIDG2331_RS04690,iscU,Fe-S cluster assembly scaffold IscU,-,1039184,1039567,1039567,WT_plate,1040177,583.558,vertis,TSS,LN908249_1040177_583.558_-_1.39077896534364,610
MIDG2331_RS04690,iscU,Fe-S cluster assembly scaffold IscU,-,1039184,1039567,1039567,WT_plate,1040234,23.727,vertis,TSS,LN908249_1040234_23.727_-_0.0800713285257689,667
MIDG2331_RS04690,iscU,Fe-S cluster assembly scaffold IscU,-,1039184,1039567,1039567,WT_plate,1040297,11.543,vertis,TSS,LN908249_1040297_11.543_-_1.39801545100654,730
MIDG2331_RS04690,iscU,Fe-S cluster assembly scaffold IscU,-,1039184,1039567,1039567,WT_plate,1040313,15.391,vertis,TSS,LN908249_1040313_15.391_-_2.64301280984307,746
MIDG2331_RS04690,iscU,Fe-S cluster assembly scaffold IscU,-,1039184,1039567,1039567,WT_plate,1040322,22.445,vertis,TSS,LN908249_1040322_22.445_-_0.60255261737313,755
MIDG2331_RS04690,iscU,Fe-S cluster assembly scaffold IscU,-,1039184,1039567,1039567,WT_plate,1040633,21.803,vertis,TSS,LN908249_1040633_21.803_-_0.14567207892844,1066
MIDG2331_RS04690,iscU,Fe-S cluster assembly scaffold IscU,-,1039184,1039567,1039567,WT_plate,1040812,114.788,vertis,TSS,LN908249_1040812_114.788_-_1.89179980649859,1245
MIDG2331_RS04690,iscU,Fe-S cluster assembly scaffold IscU,-,1039184,1039567,1039567,WT_plate,1040831,10.26,vertis,TSS,LN908249_1040831_10.260_-_2.05795656979952,1264
MIDG2331_RS04690,iscU,Fe-S cluster assembly scaffold IscU,-,1039184,1039567,1039567,WT_plate,1040915,12.184,vertis,TSS,LN908249_1040915_12.184_-_1.22812690389109,1348
MIDG2331_RS04690,iscU,Fe-S cluster assembly scaffold IscU,-,1039184,1039567,1039567,WT_plate,1041199,14.108,vertis,TSS,LN908249_1041199_14.108_-_0.0728815291624539,1632
MIDG2331_RS04690,iscU,Fe-S cluster assembly scaffold IscU,-,1039184,1039567,1039567,WT_plate,1041366,19.238,vertis,TSS,LN908249_1041366_19.238_-_0.353716114950746,1799
MIDG2331_RS04690,iscU,Fe-S cluster assembly scaffold IscU,-,1039184,1039567,1039567,WT_plate,1041429,164.807,vertis,TSS,LN908249_1041429_164.807_-_0.512697318273808,1862
MIDG2331_RS04690,iscU,Fe-S cluster assembly scaffold IscU,-,1039184,1039567,1039567,WT_plate,1041477,906.76,vertis,TSS,LN908249_1041477_906.760_-_2.07535108856135,1910
MIDG2331_RS05515,arsB,ACR3 family arsenite efflux transporter,-,1235731,1236732,1236732,WT_broth,1237522,103.541,vertis,TSS,LN908249_1237522_103.541_-_1.8709204274179,790
MIDG2331_RS05515,arsB,ACR3 family arsenite efflux transporter,-,1235731,1236732,1236732,WT_plate,1237522,98.115,vertis,TSS,LN908249_1237522_98.115_-_1.17269571150712,790
MIDG2331_RS05515,arsB,ACR3 family arsenite efflux transporter,-,1235731,1236732,1236732,WT_plate,1237842,10.902,vertis,TSS,LN908249_1237842_10.902_-_1.85627821223059,1110
MIDG2331_RS05515,arsB,ACR3 family arsenite efflux transporter,-,1235731,1236732,1236732,WT_plate,1237998,30.14,vertis,TSS,LN908249_1237998_30.140_-_1.82852283319445,1266
MIDG2331_RS05515,arsB,ACR3 family arsenite efflux transporter,-,1235731,1236732,1236732,WT_plate,1238147,14.749,vertis,TSS,LN908249_1238147_14.749_-_0.0512760002451054,1415
MIDG2331_RS05515,arsB,ACR3 family arsenite efflux transporter,-,1235731,1236732,1236732,WT_plate,1238396,14.108,vertis,TSS,LN908249_1238396_14.108_-_0.228198867701574,1664
MIDG2331_RS05515,arsB,ACR3 family arsenite efflux transporter,-,1235731,1236732,1236732,WT_plate,1238431,12.184,vertis,TSS,LN908249_1238431_12.184_-_1.77544400897751,1699
MIDG2331_RS05515,arsB,ACR3 family arsenite efflux transporter,-,1235731,1236732,1236732,WT_plate,1238464,11.543,vertis,TSS,LN908249_1238464_11.543_-_0.540170758495238,1732
MIDG2331_RS05515,arsB,ACR3 family arsenite efflux transporter,-,1235731,1236732,1236732,WT_plate,1238720,14.749,vertis,TSS,LN908249_1238720_14.749_-_0.429818030487267,1988
MIDG2331_RS05685,tsaD,tRNA (adenosine(37)-N6)-threonylcarbamoyltransferase complex transferase subunit TsaD,-,1270821,1271864,1271864,WT_broth,1272355,14.396,vertis,TSS,LN908249_1272355_14.396_-_0.00431569327761609,491
MIDG2331_RS05685,tsaD,tRNA (adenosine(37)-N6)-threonylcarbamoyltransferase complex transferase subunit TsaD,-,1270821,1271864,1271864,WT_broth,1272806,13.289,vertis,TSS,LN908249_1272806_13.289_-_0.200841568130777,942
MIDG2331_RS05685,tsaD,tRNA (adenosine(37)-N6)-threonylcarbamoyltransferase complex transferase subunit TsaD,-,1270821,1271864,1271864,WT_broth,1272823,632.322,vertis,TSS,LN908249_1272823_632.322_-_1.63677246755881,959
MIDG2331_RS05685,tsaD,tRNA (adenosine(37)-N6)-threonylcarbamoyltransferase complex transferase subunit TsaD,-,1270821,1271864,1271864,WT_plate,1272356,16.032,vertis,TSS,LN908249_1272356_16.032_-_0.702173036883025,492
MIDG2331_RS05685,tsaD,tRNA (adenosine(37)-N6)-threonylcarbamoyltransferase complex transferase subunit TsaD,-,1270821,1271864,1271864,WT_plate,1272404,23.086,vertis,TSS,LN908249_1272404_23.086_-_1.31063011358607,540
MIDG2331_RS05685,tsaD,tRNA (adenosine(37)-N6)-threonylcarbamoyltransferase complex transferase subunit TsaD,-,1270821,1271864,1271864,WT_plate,1272806,10.26,vertis,TSS,LN908249_1272806_10.260_-_0.0987825832582544,942
MIDG2331_RS05685,tsaD,tRNA (adenosine(37)-N6)-threonylcarbamoyltransferase complex transferase subunit TsaD,-,1270821,1271864,1271864,WT_plate,1272823,198.153,vertis,TSS,LN908249_1272823_198.153_-_2.15091705821035,959
MIDG2331_RS05710,nifS,aminotransferase class V-fold PLP-dependent enzyme,-,1275762,1276964,1276964,WT_broth,1277088,16.057,vertis,TSS,LN908249_1277088_16.057_-_2.74691307831771,124
MIDG2331_RS05710,nifS,aminotransferase class V-fold PLP-dependent enzyme,-,1275762,1276964,1276964,WT_broth,1277686,49.279,vertis,TSS,LN908249_1277686_49.279_-_2.42597934133526,722
MIDG2331_RS05710,nifS,aminotransferase class V-fold PLP-dependent enzyme,-,1275762,1276964,1276964,WT_broth,1277983,44.296,vertis,TSS,LN908249_1277983_44.296_-_6.79464387030805,1019
MIDG2331_RS05710,nifS,aminotransferase class V-fold PLP-dependent enzyme,-,1275762,1276964,1276964,WT_plate,1277686,25.01,vertis,TSS,LN908249_1277686_25.010_-_1.75866357863855,722
MIDG2331_RS05710,nifS,aminotransferase class V-fold PLP-dependent enzyme,-,1275762,1276964,1276964,WT_plate,1277983,50.019,vertis,TSS,LN908249_1277983_50.019_-_4.05416160169147,1019
MIDG2331_RS05800,aroE,shikimate dehydrogenase,-,1290799,1291623,1291623,WT_broth,1293152,40.42,vertis,TSS,LN908249_1293152_40.420_-_2.75661069899975,1529
MIDG2331_RS05800,aroE,shikimate dehydrogenase,-,1290799,1291623,1291623,WT_broth,1293420,44.296,vertis,TSS,LN908249_1293420_44.296_-_3.3361987098568,1797
MIDG2331_RS05800,aroE,shikimate dehydrogenase,-,1290799,1291623,1291623,WT_plate,1293152,63.486,vertis,TSS,LN908249_1293152_63.486_-_2.77005036995957,1529
MIDG2331_RS05800,aroE,shikimate dehydrogenase,-,1290799,1291623,1291623,WT_plate,1293420,13.467,vertis,TSS,LN908249_1293420_13.467_-_1.03546322642701,1797
MIDG2331_RS05925,trpE,anthranilate synthase component 1,+,1315237,1316787,1315237,WT_broth,1313938,12.181,vertis,TSS,LN908249_1313938_12.181_+_1.34834328160217,1299
MIDG2331_RS06010,argH,argininosuccinate lyase,-,1331015,1332391,1332391,WT_broth,1332549,57.585,vertis,TSS,LN908249_1332549_57.585_-_2.78187653066824,158
MIDG2331_RS06010,argH,argininosuccinate lyase,-,1331015,1332391,1332391,WT_broth,1333741,18.826,vertis,TSS,LN908249_1333741_18.826_-_0.239350989600645,1350
MIDG2331_RS06010,argH,argininosuccinate lyase,-,1331015,1332391,1332391,WT_broth,1333794,89.145,vertis,TSS,LN908249_1333794_89.145_-_1.34525839984874,1403
MIDG2331_RS06010,argH,argininosuccinate lyase,-,1331015,1332391,1332391,WT_plate,1333740,71.823,vertis,TSS,LN908249_1333740_71.823_-_0.855634003733484,1349
MIDG2331_RS06145,hxpB,hexitol phosphatase HxpB,-,1359047,1359697,1359697,WT_broth,1359727,43.188,vertis,TSS,LN908249_1359727_43.188_-_0.267329996206241,30
MIDG2331_RS06145,hxpB,hexitol phosphatase HxpB,-,1359047,1359697,1359697,WT_plate,1359727,10.902,vertis,TSS,LN908249_1359727_10.902_-_1.99392548559032,30
MIDG2331_RS06220,serB,phosphoserine phosphatase SerB,+,1373141,1374001,1373141,WT_broth,1372086,27.131,vertis,TSS,LN908249_1372086_27.131_+_6.08740966707858,1055
MIDG2331_RS06420,sprT,SprT family zinc-dependent metalloprotease,+,1420648,1421169,1420648,WT_broth,1419839,106.864,vertis,TSS,LN908249_1419839_106.864_+_3.74432850888537,809
MIDG2331_RS06420,sprT,SprT family zinc-dependent metalloprotease,+,1420648,1421169,1420648,WT_plate,1419839,36.553,vertis,TSS,LN908249_1419839_36.553_+_2.66885784987199,809
MIDG2331_RS06780,ptsB,sucrose-specific PTS transporter subunit IIBC,-,1482696,1484117,1484117,WT_broth,1485439,13.289,vertis,TSS,LN908249_1485439_13.289_-_1.88898075022839,1322
MIDG2331_RS06845,apxIIIA,RTX family hemolysin,-,1500642,1503800,1503800,WT_broth,1504369,194.348,vertis,TSS,LN908249_1504369_194.348_-_0.232142335485058,569
MIDG2331_RS06845,apxIIIA,RTX family hemolysin,-,1500642,1503800,1503800,WT_plate,1504083,17.314,vertis,TSS,LN908249_1504083_17.314_-_0.625480692872801,283
MIDG2331_RS06845,apxIIIA,RTX family hemolysin,-,1500642,1503800,1503800,WT_plate,1504093,46.172,vertis,TSS,LN908249_1504093_46.172_-_0.12196754948624,293
MIDG2331_RS06845,apxIIIA,RTX family hemolysin,-,1500642,1503800,1503800,WT_plate,1504156,30.14,vertis,TSS,LN908249_1504156_30.140_-_0.168047465221388,356
MIDG2331_RS06845,apxIIIA,RTX family hemolysin,-,1500642,1503800,1503800,WT_plate,1504177,17.314,vertis,TSS,LN908249_1504177_17.314_-_0.282597923514979,377
MIDG2331_RS06845,apxIIIA,RTX family hemolysin,-,1500642,1503800,1503800,WT_plate,1504283,23.086,vertis,TSS,LN908249_1504283_23.086_-_0.353741112049238,483
MIDG2331_RS06845,apxIIIA,RTX family hemolysin,-,1500642,1503800,1503800,WT_plate,1504361,231.499,vertis,TSS,LN908249_1504361_231.499_-_0.569201010412655,561
MIDG2331_RS07270,pepN,aminopeptidase N,+,1574641,1577250,1574641,WT_broth,1574592,569.755,vertis,TSS,LN908249_1574592_569.755_+_2.86609774611643,49
MIDG2331_RS07270,pepN,aminopeptidase N,+,1574641,1577250,1574641,WT_plate,1574592,434.142,vertis,TSS,LN908249_1574592_434.142_+_3.86299260897862,49
MIDG2331_RS07320,tehB,SAM-dependent methyltransferase TehB,+,1584567,1585439,1584567,WT_broth,1584535,90.806,vertis,TSS,LN908249_1584535_90.806_+_1.4219279898161,32
MIDG2331_RS07320,tehB,SAM-dependent methyltransferase TehB,+,1584567,1585439,1584567,WT_broth,1583585,63.121,vertis,TSS,LN908249_1583585_63.121_+_2.39978205038659,982
MIDG2331_RS07320,tehB,SAM-dependent methyltransferase TehB,+,1584567,1585439,1584567,WT_broth,1583553,33.222,vertis,TSS,LN908249_1583553_33.222_+_2.38073674407214,1014
MIDG2331_RS07320,tehB,SAM-dependent methyltransferase TehB,+,1584567,1585439,1584567,WT_broth,1582919,66.444,vertis,TSS,LN908249_1582919_66.444_+_1.11390027210665,1648
MIDG2331_RS07320,tehB,SAM-dependent methyltransferase TehB,+,1584567,1585439,1584567,WT_plate,1584535,38.476,vertis,TSS,LN908249_1584535_38.476_+_2.04757071065379,32
MIDG2331_RS07320,tehB,SAM-dependent methyltransferase TehB,+,1584567,1585439,1584567,WT_plate,1583585,66.692,vertis,TSS,LN908249_1583585_66.692_+_3.92851093920646,982
MIDG2331_RS07320,tehB,SAM-dependent methyltransferase TehB,+,1584567,1585439,1584567,WT_plate,1583553,234.065,vertis,TSS,LN908249_1583553_234.065_+_2.64190825070596,1014
MIDG2331_RS07320,tehB,SAM-dependent methyltransferase TehB,+,1584567,1585439,1584567,WT_plate,1582919,32.064,vertis,TSS,LN908249_1582919_32.064_+_3.55028707383025,1648
MIDG2331_RS07335,artI,transporter substrate-binding domain-containing protein,-,1586927,1587646,1587646,WT_broth,1588431,13.289,vertis,TSS,LN908249_1588431_13.289_-_0.414856572123653,785
MIDG2331_RS07335,artI,transporter substrate-binding domain-containing protein,-,1586927,1587646,1587646,WT_broth,1589155,96.343,vertis,TSS,LN908249_1589155_96.343_-_0.109358126038584,1509
MIDG2331_RS07335,artI,transporter substrate-binding domain-containing protein,-,1586927,1587646,1587646,WT_plate,1588002,17.314,vertis,TSS,LN908249_1588002_17.314_-_1.33923821211149,356
MIDG2331_RS07335,artI,transporter substrate-binding domain-containing protein,-,1586927,1587646,1587646,WT_plate,1588431,16.032,vertis,TSS,LN908249_1588431_16.032_-_0.917797829904472,785
MIDG2331_RS07335,artI,transporter substrate-binding domain-containing protein,-,1586927,1587646,1587646,WT_plate,1588763,11.543,vertis,TSS,LN908249_1588763_11.543_-_1.31078513373782,1117
MIDG2331_RS07335,artI,transporter substrate-binding domain-containing protein,-,1586927,1587646,1587646,WT_plate,1588794,80.8,vertis,TSS,LN908249_1588794_80.800_-_0.796039085730158,1148
MIDG2331_RS07335,artI,transporter substrate-binding domain-containing protein,-,1586927,1587646,1587646,WT_plate,1589111,11.543,vertis,TSS,LN908249_1589111_11.543_-_0.310630113586072,1465
MIDG2331_RS07335,artI,transporter substrate-binding domain-containing protein,-,1586927,1587646,1587646,WT_plate,1589155,50.661,vertis,TSS,LN908249_1589155_50.661_-_0.342138465525529,1509
MIDG2331_RS07400,mltF,membrane-bound lytic murein transglycosylase MltF,-,1597925,1599376,1599376,WT_broth,1599402,224.247,vertis,TSS,LN908249_1599402_224.247_-_2.86877812403924,26
MIDG2331_RS07400,mltF,membrane-bound lytic murein transglycosylase MltF,-,1597925,1599376,1599376,WT_broth,1599886,178.291,vertis,TSS,LN908249_1599886_178.291_-_4.28116833455903,510
MIDG2331_RS07400,mltF,membrane-bound lytic murein transglycosylase MltF,-,1597925,1599376,1599376,WT_plate,1599402,154.547,vertis,TSS,LN908249_1599402_154.547_-_2.71479813834394,26
MIDG2331_RS07400,mltF,membrane-bound lytic murein transglycosylase MltF,-,1597925,1599376,1599376,WT_plate,1599886,240.477,vertis,TSS,LN908249_1599886_240.477_-_3.47512687870003,510
MIDG2331_RS08050,serA,phosphoglycerate dehydrogenase,+,1739359,1740588,1739359,WT_broth,1739335,334.433,vertis,TSS,LN908249_1739335_334.433_+_0.700958012907847,24
MIDG2331_RS08050,serA,phosphoglycerate dehydrogenase,+,1739359,1740588,1739359,WT_broth,1738448,71.427,vertis,TSS,LN908249_1738448_71.427_+_2.57813151690805,911
MIDG2331_RS08050,serA,phosphoglycerate dehydrogenase,+,1739359,1740588,1739359,WT_plate,1739335,278.312,vertis,TSS,LN908249_1739335_278.312_+_0.289283733902526,24
MIDG2331_RS08050,serA,phosphoglycerate dehydrogenase,+,1739359,1740588,1739359,WT_plate,1738448,27.575,vertis,TSS,LN908249_1738448_27.575_+_2.65435811087757,911
MIDG2331_RS08140,thrC,threonine synthase,+,1757860,1759140,1757860,WT_broth,1757823,129.565,vertis,TSS,LN908249_1757823_129.565_+_0.46763208273756,37
MIDG2331_RS08140,thrC,threonine synthase,+,1757860,1759140,1757860,WT_plate,1757821,34.629,vertis,TSS,LN908249_1757821_34.629_+_1.00580259786801,39
MIDG2331_RS08210,cysE,serine O-acetyltransferase,+,1771248,1772063,1771248,WT_broth,1770648,10.52,vertis,TSS,LN908249_1770648_10.520_+_2.39939738978147,600
MIDG2331_RS08210,cysE,serine O-acetyltransferase,+,1771248,1772063,1771248,WT_broth,1770165,172.754,vertis,TSS,LN908249_1770165_172.754_+_1.22780855473135,1083
MIDG2331_RS08210,cysE,serine O-acetyltransferase,+,1771248,1772063,1771248,WT_plate,1770165,82.724,vertis,TSS,LN908249_1770165_82.724_+_1.15191783442292,1083
MIDG2331_RS08255,ccmI,c-type cytochrome biogenesis protein CcmI,+,1776295,1777209,1776295,WT_broth,1775363,15.504,vertis,TSS,LN908249_1775363_15.504_+_5.28010791919274,932
MIDG2331_RS08255,ccmI,c-type cytochrome biogenesis protein CcmI,+,1776295,1777209,1776295,WT_broth,1775242,45.957,vertis,TSS,LN908249_1775242_45.957_+_3.26399532956721,1053
MIDG2331_RS08255,ccmI,c-type cytochrome biogenesis protein CcmI,+,1776295,1777209,1776295,WT_broth,1775198,11.074,vertis,TSS,LN908249_1775198_11.074_+_2.79554809787816,1097
MIDG2331_RS08325,epmA,elongation factor P--(R)-beta-lysine ligase,+,1788704,1789687,1788704,WT_broth,1788679,47.064,vertis,TSS,LN908249_1788679_47.064_+_1.59780214180745,25
MIDG2331_RS08490,wecC,UDP-N-acetyl-D-mannosamine dehydrogenase,-,1817332,1818603,1818603,WT_plate,1820473,16.032,vertis,TSS,LN908249_1820473_16.032_-_0.872116339322285,1870
MIDG2331_RS08585,exbD1,ExbD/TolR family protein,-,1841551,1841961,1841961,WT_broth,1843326,191.026,vertis,TSS,LN908249_1843326_191.026_-_2.46130203699347,1365
MIDG2331_RS08585,exbD1,ExbD/TolR family protein,-,1841551,1841961,1841961,WT_broth,1843441,50.386,vertis,TSS,LN908249_1843441_50.386_-_1.33771932409764,1480
MIDG2331_RS08585,exbD1,ExbD/TolR family protein,-,1841551,1841961,1841961,WT_broth,1843756,381.497,vertis,TSS,LN908249_1843756_381.497_-_3.21562024664891,1795
MIDG2331_RS08585,exbD1,ExbD/TolR family protein,-,1841551,1841961,1841961,WT_plate,1843756,92.343,vertis,TSS,LN908249_1843756_92.343_-_2.46732728830651,1795
MIDG2331_RS08685,modF,molybdate ABC transporter ATP-binding protein ModF,-,1862475,1863932,1863932,WT_broth,1865001,65.89,vertis,TSS,LN908249_1865001_65.890_-_1.19865695592862,1069
MIDG2331_RS08685,modF,molybdate ABC transporter ATP-binding protein ModF,-,1862475,1863932,1863932,WT_plate,1865001,12.825,vertis,TSS,LN908249_1865001_12.825_-_2.0906442126571,1069
MIDG2331_RS08720,lipA,lipoyl synthase,-,1869591,1870583,1870583,WT_broth,1870711,49.279,vertis,TSS,LN908249_1870711_49.279_-_1.70155996231724,128
MIDG2331_RS08720,lipA,lipoyl synthase,-,1869591,1870583,1870583,WT_plate,1870711,66.051,vertis,TSS,LN908249_1870711_66.051_-_2.70523109389631,128
MIDG2331_RS08720,lipA,lipoyl synthase,-,1869591,1870583,1870583,WT_plate,1871770,14.749,vertis,TSS,LN908249_1871770_14.749_-_0.844811608766308,1187
MIDG2331_RS08750,mrdA,penicillin-binding protein 2,-,1874945,1876906,1876906,WT_broth,1877828,17.718,vertis,TSS,LN908249_1877828_17.718_-_2.01423804518152,922
MIDG2331_RS08845,ureA,urease subunit gamma,-,1892463,1892765,1892765,WT_broth,1894193,63.675,vertis,TSS,LN908249_1894193_63.675_-_4.31909872539669,1428
MIDG2331_RS08845,ureA,urease subunit gamma,-,1892463,1892765,1892765,WT_broth,1894602,34.883,vertis,TSS,LN908249_1894602_34.883_-_2.99154640266403,1837
MIDG2331_RS08845,ureA,urease subunit gamma,-,1892463,1892765,1892765,WT_broth,1894700,11.074,vertis,TSS,LN908249_1894700_11.074_-_2.4734391121322,1935
MIDG2331_RS08845,ureA,urease subunit gamma,-,1892463,1892765,1892765,WT_plate,1894193,34.629,vertis,TSS,LN908249_1894193_34.629_-_3.39801545100654,1428
MIDG2331_RS08845,ureA,urease subunit gamma,-,1892463,1892765,1892765,WT_plate,1894602,17.314,vertis,TSS,LN908249_1894602_17.314_-_1.12509159714495,1837
MIDG2331_RS08845,ureA,urease subunit gamma,-,1892463,1892765,1892765,WT_plate,1894700,16.032,vertis,TSS,LN908249_1894700_16.032_-_1.41263980047053,1935
MIDG2331_RS08855,cbiO,energy-coupling factor ABC transporter ATP-binding protein,-,1893776,1894405,1894405,WT_broth,1894602,34.883,vertis,TSS,LN908249_1894602_34.883_-_2.99154640266403,197
MIDG2331_RS08855,cbiO,energy-coupling factor ABC transporter ATP-binding protein,-,1893776,1894405,1894405,WT_broth,1894700,11.074,vertis,TSS,LN908249_1894700_11.074_-_2.4734391121322,295
MIDG2331_RS08855,cbiO,energy-coupling factor ABC transporter ATP-binding protein,-,1893776,1894405,1894405,WT_broth,1894848,16.057,vertis,TSS,LN908249_1894848_16.057_-_2.52434834344975,443
MIDG2331_RS08855,cbiO,energy-coupling factor ABC transporter ATP-binding protein,-,1893776,1894405,1894405,WT_plate,1894602,17.314,vertis,TSS,LN908249_1894602_17.314_-_1.12509159714495,197
MIDG2331_RS08855,cbiO,energy-coupling factor ABC transporter ATP-binding protein,-,1893776,1894405,1894405,WT_plate,1894700,16.032,vertis,TSS,LN908249_1894700_16.032_-_1.41263980047053,295
MIDG2331_RS08910,glmS,glutamine--fructose-6-phosphate transaminase (isomerizing),-,1904568,1906400,1906400,WT_broth,1907269,53.155,vertis,TSS,LN908249_1907269_53.155_-_3.35834610573256,869
MIDG2331_RS08910,glmS,glutamine--fructose-6-phosphate transaminase (isomerizing),-,1904568,1906400,1906400,WT_broth,1907334,14.396,vertis,TSS,LN908249_1907334_14.396_-_2.85193069252653,934
MIDG2331_RS08910,glmS,glutamine--fructose-6-phosphate transaminase (isomerizing),-,1904568,1906400,1906400,WT_plate,1906666,11.543,vertis,TSS,LN908249_1906666_11.543_-_0.443861642204335,266
MIDG2331_RS08910,glmS,glutamine--fructose-6-phosphate transaminase (isomerizing),-,1904568,1906400,1906400,WT_plate,1907269,196.229,vertis,TSS,LN908249_1907269_196.229_-_1.75764257320258,869
MIDG2331_RS08910,glmS,glutamine--fructose-6-phosphate transaminase (isomerizing),-,1904568,1906400,1906400,WT_plate,1907335,15.391,vertis,TSS,LN908249_1907335_15.391_-_0.603737661109631,935
MIDG2331_RS08910,glmS,glutamine--fructose-6-phosphate transaminase (isomerizing),-,1904568,1906400,1906400,WT_plate,1907674,39.759,vertis,TSS,LN908249_1907674_39.759_-_0.915611936124516,1274
MIDG2331_RS09100,gntR,gluconate operon transcriptional repressor GntR,-,1940416,1941414,1941414,WT_broth,1941455,45.403,vertis,TSS,LN908249_1941455_45.403_-_3.37180990951386,41
MIDG2331_RS09100,gntR,gluconate operon transcriptional repressor GntR,-,1940416,1941414,1941414,WT_broth,1941658,27.131,vertis,TSS,LN908249_1941658_27.131_-_5.08921868931046,244
MIDG2331_RS09100,gntR,gluconate operon transcriptional repressor GntR,-,1940416,1941414,1941414,WT_broth,1942955,12.735,vertis,TSS,LN908249_1942955_12.735_-_1.53782124248796,1541
MIDG2331_RS09295,fkpA2,FKBP-type peptidyl-prolyl cis-trans isomerase,-,1983725,1984354,1984354,WT_broth,1984384,180.505,vertis,TSS,LN908249_1984384_180.505_-_2.0676185757927,30
MIDG2331_RS09295,fkpA2,FKBP-type peptidyl-prolyl cis-trans isomerase,-,1983725,1984354,1984354,WT_broth,1985837,125.136,vertis,TSS,LN908249_1985837_125.136_-_4.2940228050773,1483
MIDG2331_RS09295,fkpA2,FKBP-type peptidyl-prolyl cis-trans isomerase,-,1983725,1984354,1984354,WT_plate,1984384,146.851,vertis,TSS,LN908249_1984384_146.851_-_2.1969925189888,30
MIDG2331_RS09295,fkpA2,FKBP-type peptidyl-prolyl cis-trans isomerase,-,1983725,1984354,1984354,WT_plate,1985837,33.987,vertis,TSS,LN908249_1985837_33.987_-_2.70812207914072,1483
MIDG2331_RS09355,secE,preprotein translocase subunit SecE,+,1994932,1995345,1994932,WT_broth,1994898,12.735,vertis,TSS,LN908249_1994898_12.735_+_1.67542344916423,34
MIDG2331_RS09355,secE,preprotein translocase subunit SecE,+,1994932,1995345,1994932,WT_broth,1994888,67.551,vertis,TSS,LN908249_1994888_67.551_+_2.8195370567182,44
MIDG2331_RS09355,secE,preprotein translocase subunit SecE,+,1994932,1995345,1994932,WT_plate,1994886,26.292,vertis,TSS,LN908249_1994886_26.292_+_2.58562111522284,46
MIDG2331_RS09475,sfsA,DNA/RNA nuclease SfsA,-,2020593,2021306,2021306,WT_broth,2021573,158.357,vertis,TSS,LN908249_2021573_158.357_-_0.685277974615359,267
MIDG2331_RS09475,sfsA,DNA/RNA nuclease SfsA,-,2020593,2021306,2021306,WT_broth,2022177,116.83,vertis,TSS,LN908249_2022177_116.830_-_3.28800086558908,871
MIDG2331_RS09475,sfsA,DNA/RNA nuclease SfsA,-,2020593,2021306,2021306,WT_plate,2021573,1476.21,vertis,TSS,LN908249_2021573_1476.210_-_1.18070320933274,267
MIDG2331_RS09475,sfsA,DNA/RNA nuclease SfsA,-,2020593,2021306,2021306,WT_plate,2022177,167.372,vertis,TSS,LN908249_2022177_167.372_-_2.56959811802074,871
MIDG2331_RS09755,rpmD,50S ribosomal protein L30,+,2062828,2063007,2062828,WT_plate,2062763,16.673,vertis,TSS,LN908249_2062763_16.673_+_0.606714603307348,65
MIDG2331_RS09755,rpmD,50S ribosomal protein L30,+,2062828,2063007,2062828,WT_plate,2062533,30.14,vertis,TSS,LN908249_2062533_30.140_+_0.782758989954143,295
MIDG2331_RS10200,ilvC,ketol-acid reductoisomerase,-,2147059,2148540,2148540,WT_broth,2148618,581.936,vertis,TSS,LN908249_2148618_581.936_-_0.896616563441505,78
MIDG2331_RS10200,ilvC,ketol-acid reductoisomerase,-,2147059,2148540,2148540,WT_broth,2148728,10.52,vertis,TSS,LN908249_2148728_10.520_-_3.13684540998156,188
MIDG2331_RS10200,ilvC,ketol-acid reductoisomerase,-,2147059,2148540,2148540,WT_plate,2148618,273.182,vertis,TSS,LN908249_2148618_273.182_-_2.81313341459283,78
MIDG2331_RS10235,dapD,2 3 4 5-tetrahydropyridine-2 6-dicarboxylate N-succinyltransferase,+,2154564,2155388,2154564,WT_broth,2154520,1582.467,vertis,TSS,LN908249_2154520_1582.467_+_0.968015523754517,44
MIDG2331_RS10235,dapD,2 3 4 5-tetrahydropyridine-2 6-dicarboxylate N-succinyltransferase,+,2154564,2155388,2154564,WT_broth,2154195,24.363,vertis,TSS,LN908249_2154195_24.363_+_3.93306346500504,369
MIDG2331_RS10235,dapD,2 3 4 5-tetrahydropyridine-2 6-dicarboxylate N-succinyltransferase,+,2154564,2155388,2154564,WT_plate,2154520,834.296,vertis,TSS,LN908249_2154520_834.296_+_1.80373585021618,44
MIDG2331_RS10235,dapD,2 3 4 5-tetrahydropyridine-2 6-dicarboxylate N-succinyltransferase,+,2154564,2155388,2154564,WT_plate,2154195,23.727,vertis,TSS,LN908249_2154195_23.727_+_3.63036023406157,369
MIDG2331_RS10295,dapE,succinyl-diaminopimelate desuccinylase,-,2164276,2165409,2165409,WT_broth,2165777,65.89,vertis,TSS,LN908249_2165777_65.890_-_3.90908180963985,368
MIDG2331_RS10295,dapE,succinyl-diaminopimelate desuccinylase,-,2164276,2165409,2165409,WT_broth,2165812,80.84,vertis,TSS,LN908249_2165812_80.840_-_0.949359157652383,403
MIDG2331_RS10295,dapE,succinyl-diaminopimelate desuccinylase,-,2164276,2165409,2165409,WT_plate,2165777,27.575,vertis,TSS,LN908249_2165777_27.575_-_2.01066003333281,368
MIDG2331_RS10465,dnaK,molecular chaperone DnaK,-,2200001,2201899,2201899,WT_broth,2201949,306.195,vertis,TSS,LN908249_2201949_306.195_-_2.18403697985653,50
MIDG2331_RS10465,dnaK,molecular chaperone DnaK,-,2200001,2201899,2201899,WT_broth,2202054,346.061,vertis,TSS,LN908249_2202054_346.061_-_1.92859480990097,155
MIDG2331_RS10465,dnaK,molecular chaperone DnaK,-,2200001,2201899,2201899,WT_plate,2201949,974.093,vertis,TSS,LN908249_2201949_974.093_-_1.33662151759665,50
MIDG2331_RS10465,dnaK,molecular chaperone DnaK,-,2200001,2201899,2201899,WT_plate,2202012,29.499,vertis,TSS,LN908249_2202012_29.499_-_0.84486051616977,113
MIDG2331_RS10465,dnaK,molecular chaperone DnaK,-,2200001,2201899,2201899,WT_plate,2202054,936.258,vertis,TSS,LN908249_2202054_936.258_-_2.91020428608036,155
MIDG2331_RS10510,panF,sodium/pantothenate symporter,-,2212806,2214230,2214230,WT_broth,2214861,100.219,vertis,TSS,LN908249_2214861_100.219_-_0.929226159872757,631
MIDG2331_RS10510,panF,sodium/pantothenate symporter,-,2212806,2214230,2214230,WT_plate,2214861,19.238,vertis,TSS,LN908249_2214861_19.238_-_1.22815329045418,631
MIDG2331_RS10685,proA,glutamate-5-semialdehyde dehydrogenase,-,2244507,2245745,2245745,WT_broth,2245770,78.071,vertis,TSS,LN908249_2245770_78.071_-_1.04346468057119,25
MIDG2331_RS10685,proA,glutamate-5-semialdehyde dehydrogenase,-,2244507,2245745,2245745,WT_plate,2245770,29.499,vertis,TSS,LN908249_2245770_29.499_-_3.42999870891342,25
MIDG2331_RS10890,fabG,3-oxoacyl-ACP reductase FabG,-,2280849,2281574,2281574,WT_broth,2281904,19.933,vertis,TSS,LN908249_2281904_19.933_-_2.32178334771749,330
MIDG2331_RS10890,fabG,3-oxoacyl-ACP reductase FabG,-,2280849,2281574,2281574,WT_plate,2281904,17.314,vertis,TSS,LN908249_2281904_17.314_-_1.73507812154858,330
MIDG2331_RS10890,fabG,3-oxoacyl-ACP reductase FabG,-,2280849,2281574,2281574,WT_plate,2281950,11.543,vertis,TSS,LN908249_2281950_11.543_-_2.07635088613011,376
MIDG2331_RS10890,fabG,3-oxoacyl-ACP reductase FabG,-,2280849,2281574,2281574,WT_plate,2282280,17.314,vertis,TSS,LN908249_2282280_17.314_-_0.201696356532744,706
MIDG2331_RS10965,rimI,ribosomal protein S18-alanine N-acetyltransferase,+,2294238,2294675,2294238,WT_broth,2293801,48.725,vertis,TSS,LN908249_2293801_48.725_+_1.12587277112907,437
MIDG2331_RS10965,rimI,ribosomal protein S18-alanine N-acetyltransferase,+,2294238,2294675,2294238,WT_broth,2292439,243.073,vertis,TSS,LN908249_2292439_243.073_+_4.08196543174821,1799
MIDG2331_RS10965,rimI,ribosomal protein S18-alanine N-acetyltransferase,+,2294238,2294675,2294238,WT_plate,2293801,25.01,vertis,TSS,LN908249_2293801_25.010_+_1.30415574763999,437
MIDG2331_RS10965,rimI,ribosomal protein S18-alanine N-acetyltransferase,+,2294238,2294675,2294238,WT_plate,2292439,2932.54,vertis,TSS,LN908249_2292439_2932.540_+_3.44751890799933,1799
MIDG2331_RS11025,hisG,ATP phosphoribosyltransferase,+,2308637,2309536,2308637,WT_broth,2308407,560.895,vertis,TSS,LN908249_2308407_560.895_+_3.42478011360257,230
MIDG2331_RS11025,hisG,ATP phosphoribosyltransferase,+,2308637,2309536,2308637,WT_broth,2306973,820.579,vertis,TSS,LN908249_2306973_820.579_+_0.95861997969572,1664
MIDG2331_RS11025,hisG,ATP phosphoribosyltransferase,+,2308637,2309536,2308637,WT_plate,2308443,10.902,vertis,TSS,LN908249_2308443_10.902_+_0.0302216148133055,194
MIDG2331_RS11025,hisG,ATP phosphoribosyltransferase,+,2308637,2309536,2308637,WT_plate,2308407,612.415,vertis,TSS,LN908249_2308407_612.415_+_3.51280576265439,230
MIDG2331_RS11025,hisG,ATP phosphoribosyltransferase,+,2308637,2309536,2308637,WT_plate,2306973,319.995,vertis,TSS,LN908249_2306973_319.995_+_1.19954343588979,1664
MIDG2331_RS11030,hisD,histidinol dehydrogenase,+,2309652,2310938,2309652,WT_broth,2308407,560.895,vertis,TSS,LN908249_2308407_560.895_+_3.42478011360257,1245
MIDG2331_RS11030,hisD,histidinol dehydrogenase,+,2309652,2310938,2309652,WT_plate,2309357,14.108,vertis,TSS,LN908249_2309357_14.108_+_0.643236366980418,295
MIDG2331_RS11030,hisD,histidinol dehydrogenase,+,2309652,2310938,2309652,WT_plate,2309113,26.933,vertis,TSS,LN908249_2309113_26.933_+_0.29850994517229,539
MIDG2331_RS11030,hisD,histidinol dehydrogenase,+,2309652,2310938,2309652,WT_plate,2308443,10.902,vertis,TSS,LN908249_2308443_10.902_+_0.0302216148133055,1209
MIDG2331_RS11030,hisD,histidinol dehydrogenase,+,2309652,2310938,2309652,WT_plate,2308407,612.415,vertis,TSS,LN908249_2308407_612.415_+_3.51280576265439,1245
