"Enrichment FDR","nGenes","Pathway Genes","Fold Enrichment","Pathway","URL","Genes"
1.83727375195328e-16,30,90,6.98611111111111,"Biosynthesis of amino acids","","ilvE ilvD ilvG leuC argD metC leuB aspC metB hisC serC ilvI aroC dapA aroE trpE trpD argH serB pepN serA thrC cysE ilvC dapD proA hisG hisD hisB hisA"
2.64624408314897e-16,34,126,5.65542328042328,"Cellular amino acid metabolic process","https://amigo.geneontology.org/amigo/term/GO:0006520","ilvE ilvD ilvG leuC aroF argD metC leuB aspC metB hisC serC ilvI aroC dapA APL_1125 aroE trpE trpD argH serB serA thrC cysE poxA glmS ilvC dapD dapE proA hisG hisD hisB hisA"
1.41181188312611e-15,28,85,6.90392156862745,"Cellular amino acid biosynthetic process","https://amigo.geneontology.org/amigo/term/GO:0008652","ilvE ilvD ilvG leuC aroF argD leuB hisC serC ilvI aroC dapA aroE trpE trpD argH serB serA thrC cysE ilvC dapD dapE proA hisG hisD hisB hisA"
7.49597287494359e-15,31,115,5.64963768115942,"Organic acid biosynthetic process","https://amigo.geneontology.org/amigo/term/GO:0016053","ilvE ilvD ilvG leuC aroF argD leuB hisC serC ilvI aroC dapA bioD2 aroE trpE trpD argH serB serA thrC cysE lipA ilvC dapD dapE proA fabG hisG hisD hisB hisA"
7.49597287494359e-15,31,115,5.64963768115942,"Carboxylic acid biosynthetic process","https://amigo.geneontology.org/amigo/term/GO:0046394","ilvE ilvD ilvG leuC aroF argD leuB hisC serC ilvI aroC dapA bioD2 aroE trpE trpD argH serB serA thrC cysE lipA ilvC dapD dapE proA fabG hisG hisD hisB hisA"
1.37224785393084e-14,39,195,4.19166666666667,"Carboxylic acid metabolic process","https://amigo.geneontology.org/amigo/term/GO:0019752","ilvE ilvD ilvG leuC aroF argD metC leuB ykgF aspC metB hisC serC ilvI aroC dapA bioD2 APL_1125 aroE trpE trpD argH serB serA thrC cysE poxA lipA glmS nanA ilvC dapD dapE proA fabG hisG hisD hisB hisA"
1.88568844485442e-14,39,198,4.12815656565657,"Oxoacid metabolic process","https://amigo.geneontology.org/amigo/term/GO:0043436","ilvE ilvD ilvG leuC aroF argD metC leuB ykgF aspC metB hisC serC ilvI aroC dapA bioD2 APL_1125 aroE trpE trpD argH serB serA thrC cysE poxA lipA glmS nanA ilvC dapD dapE proA fabG hisG hisD hisB hisA"
2.28401819376184e-14,24,67,7.50746268656716,"Amino-acid biosynthesis","https://www.uniprot.org/keywords/KW-0028","ilvE ilvD ilvG leuC aroF argD leuB hisC serC ilvI aroC dapA aroE trpE trpD argH ilvC dapD dapE proA hisG hisD hisB hisA"
2.47078947556485e-14,35,159,4.61346960167715,"Biosynthesis of amino acids, and Pyruvate metabolism","","ilvE ilvD ilvG leuC argD metC leuB ykgF sucC aspC metB hisC serC ilvI aroC dapA aroE trpE trpD argH serB pepN APL_1422 serA thrC cysE lipA ilvC dapD proA fabG hisG hisD hisB hisA"
2.47078947556485e-14,39,201,4.06654228855721,"Organic acid metabolic process","https://amigo.geneontology.org/amigo/term/GO:0006082","ilvE ilvD ilvG leuC aroF argD metC leuB ykgF aspC metB hisC serC ilvI aroC dapA bioD2 APL_1125 aroE trpE trpD argH serB serA thrC cysE poxA lipA glmS nanA ilvC dapD dapE proA fabG hisG hisD hisB hisA"
9.60131878192556e-14,26,86,6.33624031007752,"Alpha-amino acid metabolic process","https://amigo.geneontology.org/amigo/term/GO:1901605","ilvE ilvD ilvG leuC argD metC leuB aspC metB hisC serC ilvI dapA APL_1125 trpE trpD argH serB serA thrC cysE glmS ilvC dapD dapE proA"
4.68122490669418e-11,32,168,3.99206349206349,"Small molecule biosynthetic process","https://amigo.geneontology.org/amigo/term/GO:0044283","ilvE ilvD ilvG leuC aroF dxs argD leuB hisC serC ilvI aroC dapA bioD2 aroE trpE trpD argH serB serA thrC cysE lipA ilvC dapD dapE proA fabG hisG hisD hisB hisA"
3.71149883433138e-10,20,67,6.25621890547264,"Alpha-amino acid biosynthetic process","https://amigo.geneontology.org/amigo/term/GO:1901607","ilvE ilvD ilvG leuC argD leuB serC ilvI dapA trpE trpD argH serB serA thrC cysE ilvC dapD dapE proA"
2.42138189214685e-09,13,27,10.091049382716,"Branched-chain amino acid metabolic process, and Cysteine and methionine metabolism","","ilvE ilvD ilvG leuC leuB metB serC ilvI serB serA thrC cysE ilvC"
1.3885626981223e-08,43,355,2.53861502347418,"Small molecule metabolic process","https://amigo.geneontology.org/amigo/term/GO:0044281","ilvE ilvD ilvG leuC aroF dxs argD metC glpB leuB gapA ykgF aspC metB hisC serC ilvI aroC dapA bioD2 APL_1125 aroE trpE trpD argH serB serA thrC cysE poxA lipA ureA glmS nanA ilvC dapD dapE proA fabG hisG hisD hisB hisA"
5.73027639383337e-08,48,449,2.24053452115813,"Organonitrogen compound metabolic process","https://amigo.geneontology.org/amigo/term/GO:1901564","ilvE ilvD ilvG leuC aroF dxs argD metC leuB rplY rpsI aspC pepP metB hisC serC ilvI aroC APL_0761 dapA bioD2 APL_1125 aroE trpE trpD argH serB pepN mltF serA thrC cysE poxA lipA mrdA ureA glmS nanA rpmD ilvC dapD dapE proA rimI hisG hisD hisB hisA"
1.4857300179925e-07,10,19,11.030701754386,"Branched-chain amino acid metabolic process, and Threonine metabolic process","","ilvE ilvD ilvG leuC leuB serC ilvI serA thrC ilvC"
2.75261883065743e-06,7,10,14.6708333333333,"Branched-chain amino acid biosynthesis","https://www.uniprot.org/keywords/KW-0100","ilvE ilvD ilvG leuC leuB ilvI ilvC"
6.92940312485042e-06,7,11,13.3371212121212,"Valine, leucine and isoleucine biosynthesis","","ilvE ilvD ilvG leuC leuB ilvI ilvC"
1.09908288420301e-05,36,328,2.30030487804878,"Organonitrogen compound biosynthetic process","https://amigo.geneontology.org/amigo/term/GO:1901566","ilvE ilvD ilvG leuC aroF dxs argD leuB rplY rpsI hisC serC ilvI aroC APL_0761 dapA bioD2 aroE trpE trpD argH serB serA thrC cysE poxA mrdA rpmD ilvC dapD dapE proA hisG hisD hisB hisA"
1.31162402123693e-05,11,35,6.58690476190476,"Vitamin binding","https://amigo.geneontology.org/amigo/term/GO:0019842","ilvG dxs argD metC aspC metB hisC serC ilvI APL_1125 thrC"
1.3427542211206e-05,7,12,12.2256944444444,"Branched-chain amino acid metabolic process","https://amigo.geneontology.org/amigo/term/GO:0009081","ilvE ilvD ilvG leuC leuB ilvI ilvC"
1.3427542211206e-05,7,12,12.2256944444444,"Branched-chain amino acid biosynthetic process","https://amigo.geneontology.org/amigo/term/GO:0009082","ilvE ilvD ilvG leuC leuB ilvI ilvC"
5.30870010828282e-05,5,6,17.4652777777778,"Valine metabolic process","https://amigo.geneontology.org/amigo/term/GO:0006573","ilvE ilvD ilvG ilvI ilvC"
5.30870010828282e-05,5,6,17.4652777777778,"Valine biosynthetic process","https://amigo.geneontology.org/amigo/term/GO:0009099","ilvE ilvD ilvG ilvI ilvC"
5.30870010828282e-05,76,1132,1.40709658421673,"Cellular process","https://amigo.geneontology.org/amigo/term/GO:0009987","ftsA ilvE recR ilvD ilvG engC leuC aroF dxs mutT argD metC glpB leuB ykgF sucC rplY mukB rpsI fieF ftsK ompP2 aspC metB hisC serC ilvI aroC APL_0761 sstT dapA hscA nifU bioD2 arcD APL_1088 gcp APL_1125 aroE trpE trpD argH APL_1194 serB pstB sprT ptsB mltF apxIA serA thrC cysE APL_1516 poxA exbD lipA mrdA ureA cbiO glmS dmsD APL_1705 secE nanA rpmD ilvC dapD dapE dnaK panF proA fabG hisG hisD hisB hisA"
5.50786390522153e-05,9,26,7.25480769230769,"Phenylalanine, tyrosine and tryptophan biosynthesis, and Histidine metabolism","","hisC aroC aroE trpE trpD hisG hisD hisB hisA"
0.000136676709136182,62,843,1.54141953341242,"Binding","https://amigo.geneontology.org/amigo/term/GO:0005488","dppF recR ilvD ilvG proQ engC leuC dksA dxs mutT argD metC leuB gapA ykgF sucC rplY mukB lrp ftsK aspC pepP metB hisC serC ilvI hscA nifU bioD2 gcp APL_1125 aroE trpE trpD APL_1194 serB pstB sprT pepN APL_1422 apxIA serA thrC poxA wecC modF lipA mrdA ureA cbiO glmS gntR-2 dmsD sfsA ilvC dapE dnaK proA fabG hisG hisD hisB"
0.000136676709136182,7,16,9.16927083333334,"Serine family amino acid metabolic process","https://amigo.geneontology.org/amigo/term/GO:0009069","metC metB serC APL_1125 serB serA cysE"
0.000136676709136182,6,11,11.4318181818182,"Aminotransferase","https://www.uniprot.org/keywords/KW-0032","ilvE argD aspC hisC serC glmS"
0.000183929727873408,48,578,1.74048442906574,"Ion binding","https://amigo.geneontology.org/amigo/term/GO:0043167","dppF recR ilvD ilvG engC leuC dksA dxs mutT argD metC leuB ykgF sucC mukB ftsK aspC pepP metB hisC serC ilvI hscA nifU bioD2 gcp APL_1125 trpE trpD serB pstB sprT pepN APL_1422 apxIA thrC poxA modF lipA mrdA ureA cbiO ilvC dapE dnaK hisG hisD hisB"
0.000240332023698158,6,12,10.4791666666667,"Transaminase activity","https://amigo.geneontology.org/amigo/term/GO:0008483","ilvE argD aspC hisC serC glmS"
0.000240332023698158,6,12,10.4791666666667,"Transferase activity, transferring nitrogenous groups","https://amigo.geneontology.org/amigo/term/GO:0016769","ilvE argD aspC hisC serC glmS"
0.00029287628065862,41,464,1.8519216954023,"Biosynthetic process","https://amigo.geneontology.org/amigo/term/GO:0009058","ilvE ilvD ilvG leuC aroF dxs argD leuB rplY rpsI aspC hisC serC ilvI aroC APL_0761 dapA bioD2 aroE trpE trpD argH serB serA thrC cysE poxA wecC lipA mrdA glmS rpmD ilvC dapD dapE proA fabG hisG hisD hisB hisA"
0.000333464440675081,5,8,13.0989583333333,"Isoleucine metabolic process","https://amigo.geneontology.org/amigo/term/GO:0006549","ilvE ilvD ilvG ilvI ilvC"
0.000333464440675081,5,8,13.0989583333333,"Isoleucine biosynthetic process","https://amigo.geneontology.org/amigo/term/GO:0009097","ilvE ilvD ilvG ilvI ilvC"
0.000392967901772436,53,690,1.60984299516908,"Nitrogen compound metabolic process","https://amigo.geneontology.org/amigo/term/GO:0006807","ilvE recR ilvD ilvG leuC aroF dxs mutT argD metC leuB rplY mukB rpsI aspC pepP metB hisC serC ilvI aroC APL_0761 dapA bioD2 gcp APL_1125 aroE trpE trpD argH APL_1194 serB pepN mltF serA thrC cysE poxA lipA mrdA ureA glmS nanA rpmD ilvC dapD dapE proA rimI hisG hisD hisB hisA"
0.000394949194543913,40,454,1.84654919236417,"Organic substance biosynthetic process","https://amigo.geneontology.org/amigo/term/GO:1901576","ilvE ilvD ilvG leuC aroF dxs argD leuB rplY rpsI hisC serC ilvI aroC APL_0761 dapA bioD2 aroE trpE trpD argH serB serA thrC cysE poxA wecC lipA mrdA glmS rpmD ilvC dapD dapE proA fabG hisG hisD hisB hisA"
0.000394949194543913,7,19,7.72149122807018,"Pyridoxal phosphate-dependent transferase, small domain","https://www.ebi.ac.uk/interpro/entry/InterPro/IPR015422","argD metC aspC metB hisC serC APL_1125"
0.000626791889526087,61,862,1.48313031709203,"Cytoplasm","https://amigo.geneontology.org/amigo/term/GO:0005737","ilvE recR ilvD ilvG proQ engC gcvA cysB leuC dksA aroF dxs mutT argD metC leuB gapA sucC mukB lrp aspC pepP metB hisC serC ilvI aroC dapA hscA nifU bioD2 gcp APL_1125 aroE trpE trpD argH APL_1213 serB sprT tehB serA thrC cysE poxA lipA ureA glmS dmsD nanA ilvC dapD dapE dnaK proA fabG rimI hisG hisD hisB hisA"
0.000731097762245329,8,28,5.98809523809524,"Pyridoxal phosphate binding","https://amigo.geneontology.org/amigo/term/GO:0030170","argD metC aspC metB hisC serC APL_1125 thrC"
0.000731097762245329,8,28,5.98809523809524,"Vitamin B6 binding","https://amigo.geneontology.org/amigo/term/GO:0070279","argD metC aspC metB hisC serC APL_1125 thrC"
0.000734680827934207,55,746,1.5451854334227,"Primary metabolic process","https://amigo.geneontology.org/amigo/term/GO:0044238","ilvE recR ilvD ilvG leuC aroF dxs mutT argD metC glpB leuB gapA sucC rplY mukB rpsI aspC pepP metB hisC serC ilvI aroC APL_0761 dapA gcp APL_1125 aroE trpE trpD argH APL_1194 serB pepN serA thrC cysE poxA wecC lipA mrdA glmS nanA rpmD ilvC dapD dapE proA fabG rimI hisG hisD hisB hisA"
0.000734680827934207,7,21,6.98611111111111,"Pyridoxal phosphate-dependent transferase, major domain","https://www.ebi.ac.uk/interpro/entry/InterPro/IPR015421","argD metC aspC metB hisC serC APL_1125"
0.000734680827934207,7,21,6.98611111111111,"Pyridoxal phosphate-dependent transferase","https://www.ebi.ac.uk/interpro/entry/InterPro/IPR015424","argD metC aspC metB hisC serC APL_1125"
0.00105610089488122,5,10,10.4791666666667,"Histidine biosynthetic process","https://amigo.geneontology.org/amigo/term/GO:0000105","hisC hisG hisD hisB hisA"
0.00105610089488122,5,10,10.4791666666667,"Histidine metabolic process","https://amigo.geneontology.org/amigo/term/GO:0006547","hisC hisG hisD hisB hisA"
0.00105610089488122,5,10,10.4791666666667,"Histidine biosynthesis","https://www.uniprot.org/keywords/KW-0368","hisC hisG hisD hisB hisA"
0.0010785611020825,38,442,1.80184766214178,"Cellular biosynthetic process","https://amigo.geneontology.org/amigo/term/GO:0044249","ilvE ilvD ilvG leuC aroF dxs argD leuB rplY rpsI hisC serC ilvI aroC APL_0761 dapA bioD2 aroE trpE trpD argH serB serA thrC cysE poxA lipA mrdA rpmD ilvC dapD dapE proA fabG hisG hisD hisB hisA"
0.00119328294907526,64,946,1.41789992952784,"Intracellular anatomical structure","https://amigo.geneontology.org/amigo/term/GO:0005622","ilvE recR ilvD ilvG proQ engC gcvA cysB leuC dksA aroF dxs mutT argD metC leuB gapA sucC rplY mukB rpsI lrp aspC pepP metB hisC serC ilvI aroC dapA hscA nifU bioD2 gcp APL_1125 aroE trpE trpD argH APL_1213 serB sprT tehB serA thrC cysE poxA lipA ureA glmS dmsD nanA rpmD ilvC dapD dapE dnaK proA fabG rimI hisG hisD hisB hisA"
0.00119328294907526,6,16,7.859375,"NAD binding","https://amigo.geneontology.org/amigo/term/GO:0051287","leuB gapA serA wecC fabG hisD"
0.00142905840943252,4,6,13.9722222222222,"L-serine metabolic process","https://amigo.geneontology.org/amigo/term/GO:0006563","serC serB serA cysE"
0.00152294201327808,57,807,1.48032837670384,"Cellular metabolic process","https://amigo.geneontology.org/amigo/term/GO:0044237","ilvE recR ilvD ilvG leuC aroF dxs mutT argD metC glpB leuB ykgF sucC rplY mukB rpsI aspC metB hisC serC ilvI aroC APL_0761 dapA hscA nifU bioD2 gcp APL_1125 aroE trpE trpD argH APL_1194 serB ptsB mltF serA thrC cysE poxA lipA mrdA ureA glmS nanA rpmD ilvC dapD dapE proA fabG hisG hisD hisB hisA"
0.00167345922201528,34,384,1.85568576388889,"Small molecule binding","https://amigo.geneontology.org/amigo/term/GO:0036094","dppF ilvG engC dxs argD metC leuB gapA sucC mukB ftsK aspC metB hisC serC ilvI hscA bioD2 APL_1125 aroE pstB APL_1422 serA thrC poxA wecC modF mrdA cbiO dnaK proA fabG hisG hisD"
0.00206460476502062,3,3,20.9583333333333,"L-serine biosynthetic process","https://amigo.geneontology.org/amigo/term/GO:0006564","serC serB serA"
0.00206460476502062,8,33,5.08080808080808,"Oxidoreductase activity, acting on CH-OH group of donors","https://amigo.geneontology.org/amigo/term/GO:0016614","glpB leuB aroE serA wecC ilvC fabG hisD"
0.00231903833755641,30,325,1.93461538461538,"Metal ion binding","https://amigo.geneontology.org/amigo/term/GO:0046872","recR ilvD ilvG engC leuC dksA dxs mutT leuB ykgF sucC pepP ilvI nifU bioD2 gcp trpE trpD serB sprT pepN APL_1422 apxIA lipA ureA ilvC dapE hisG hisD hisB"
0.00249861287258589,62,925,1.40477477477477,"Metabolic process","https://amigo.geneontology.org/amigo/term/GO:0008152","ilvE recR ilvD ilvG leuC aroF dxs mutT argD metC glpB leuB gapA ykgF sucC rplY mukB rpsI aspC pepP metB hisC serC ilvI aroC APL_0761 dapA hscA nifU bioD2 gcp APL_1125 aroE trpE trpD argH APL_1194 serB ptsB pepN mltF serA thrC cysE poxA wecC lipA mrdA ureA glmS nanA rpmD ilvC dapD dapE proA fabG rimI hisG hisD hisB hisA"
0.00300221120704759,30,330,1.90530303030303,"Cation binding","https://amigo.geneontology.org/amigo/term/GO:0043169","recR ilvD ilvG engC leuC dksA dxs mutT leuB ykgF sucC pepP ilvI nifU bioD2 gcp trpE trpD serB sprT pepN APL_1422 apxIA lipA ureA ilvC dapE hisG hisD hisB"
0.0033568247143353,7,27,5.43364197530864,"Oxidoreductase activity, acting on the CH-OH group of donors, NAD or NADP as acceptor","https://amigo.geneontology.org/amigo/term/GO:0016616","leuB aroE serA wecC ilvC fabG hisD"
0.00371825157095257,58,853,1.42506838608832,"Organic substance metabolic process","https://amigo.geneontology.org/amigo/term/GO:0071704","ilvE recR ilvD ilvG leuC aroF dxs mutT argD metC glpB leuB gapA ykgF rplY mukB rpsI aspC pepP metB hisC serC ilvI aroC APL_0761 dapA bioD2 gcp APL_1125 aroE trpE trpD argH APL_1194 serB pepN mltF serA thrC cysE poxA wecC lipA mrdA ureA glmS nanA rpmD ilvC dapD dapE proA fabG rimI hisG hisD hisB hisA"
0.00403403416693569,6,20,6.2875,"Dicarboxylic acid biosynthetic process","https://amigo.geneontology.org/amigo/term/GO:0043650","aroF aroC dapA aroE dapD dapE"
0.00512232793553588,7,29,5.05890804597701,"Carbon-oxygen lyase activity","https://amigo.geneontology.org/amigo/term/GO:0016835","ilvD leuC aroC dapA mltF thrC hisB"
0.00512232793553588,7,29,5.05890804597701,"Pyridoxal phosphate","https://www.uniprot.org/keywords/KW-0663","ilvE argD metC metB hisC serC thrC"
0.00537127179249122,5,14,7.48511904761905,"Aromatic amino acid biosynthesis","https://www.uniprot.org/keywords/KW-0057","aroF aroC aroE trpE trpD"
0.00752974805287736,5,15,6.98611111111111,"Aromatic amino acid family metabolic process","https://amigo.geneontology.org/amigo/term/GO:0009072","aroF aroC aroE trpE trpD"
0.00752974805287736,5,15,6.98611111111111,"Aromatic amino acid family biosynthetic process","https://amigo.geneontology.org/amigo/term/GO:0009073","aroF aroC aroE trpE trpD"
0.00816562853003804,4,9,9.31481481481481,"Cysteine metabolic process","https://amigo.geneontology.org/amigo/term/GO:0006534","metC metB APL_1125 cysE"
0.00816562853003804,12,85,2.95882352941176,"Lyase","https://www.uniprot.org/keywords/KW-0456","ilvD leuC metC aroC dapA APL_1125 trpE argH mltF thrC nanA hisB"
0.0108936162363158,12,88,2.85795454545455,"Lyase activity","https://amigo.geneontology.org/amigo/term/GO:0016829","ilvD leuC metC aroC dapA APL_1125 trpE argH mltF thrC nanA hisB"
0.0139480650511867,3,5,12.575,"Acetolactate synthase activity","","ilvG ilvI ilvC"
0.0139480650511867,3,5,12.575,"Leucine metabolic process","https://amigo.geneontology.org/amigo/term/GO:0006551","ilvE leuC leuB"
0.0139480650511867,3,5,12.575,"Leucine biosynthetic process","https://amigo.geneontology.org/amigo/term/GO:0009098","ilvE leuC leuB"
0.0139480650511867,3,5,12.575,"Diaminopimelate biosynthetic process","https://amigo.geneontology.org/amigo/term/GO:0019877","dapA dapD dapE"
0.0139480650511867,3,5,12.575,"Thiamine pyrophosphate binding","https://amigo.geneontology.org/amigo/term/GO:0030976","ilvG dxs ilvI"
0.0139480650511867,3,5,12.575,"Quaternary ammonium group binding","https://amigo.geneontology.org/amigo/term/GO:0050997","ilvG dxs ilvI"
0.0139480650511867,3,5,12.575,"Diaminopimelate biosynthesis","https://www.uniprot.org/keywords/KW-0220","dapA dapD dapE"
0.0174277263461735,10,69,3.03743961352657,"Magnesium ion binding","https://amigo.geneontology.org/amigo/term/GO:0000287","ilvD ilvG dxs leuB sucC ilvI bioD2 trpD ilvC hisG"
0.020678345671333,85,1533,1.1620732767993,"Cellular anatomical entity","https://amigo.geneontology.org/amigo/term/GO:0110165","ftsA dppF ilvE recR ilvD ilvG proQ engC gcvA cysB leuC dksA aroF dxs mutT argD glpB leuB gapA sucC rplY mukB rpsI fieF ftsK ompP2 aspC pepP hisC serC ilvI aroC sstT dapA plpA hscA nifU bioD2 arcD gcp APL_1125 aroE trpD argH APL_1194 APL_1213 serB pstB ptsB pepN artI mltF APL_1422 apxIA serA thrC cysE APL_1516 poxA wecC exbD modF lipA mrdA ureA cbiO glmS gntR-2 dmsD APL_1705 secE nanA rpmD ilvC dapD dapE dnaK panF proA fabG rimI hisG hisD hisB hisA"
0.0207774232814146,9,59,3.19703389830508,"Sulfur compound metabolic process","https://amigo.geneontology.org/amigo/term/GO:0006790","dxs metC metB hscA nifU bioD2 APL_1125 cysE lipA"
0.0224365504295763,22,243,1.89746227709191,"Metal-binding","https://www.uniprot.org/keywords/KW-0479","recR ilvD ilvG engC leuC dksA dxs leuB sucC pepP ilvI bioD2 gcp trpE trpD sprT lipA ilvC dapE hisG hisD hisB"
0.0239757795417519,4,12,6.98611111111111,"Serine family amino acid biosynthetic process","https://amigo.geneontology.org/amigo/term/GO:0009070","serC serB serA cysE"
0.0250525727218666,3,6,10.4791666666667,"Thiamine pyrophosphate","https://www.uniprot.org/keywords/KW-0786","ilvG dxs ilvI"
0.0254764545919094,5,20,5.23958333333333,"Glutamine family amino acid biosynthetic process, and Lysine biosynthesis","","argD dapA argH dapD proA"
0.032237029163664,4,13,6.44871794871795,"Arginine metabolic process, and Lysine biosynthesis","","argD dapA argH dapD"
0.040003344697332,59,953,1.29752535851696,"Intracellular","https://amigo.geneontology.org/amigo/term/GO:0005622","ilvE recR ilvD ilvG proQ gcvA cysB leuC dksA aroF dxs mutT argD glpB leuB gapA sucC rplY rpsI aspC pepP hisC serC ilvI aroC dapA hscA nifU bioD2 APL_1125 aroE trpE trpD APL_1194 APL_1213 APL_1422 serA thrC cysE poxA wecC lipA ureA glmS gntR-2 dmsD nanA rpmD ilvC dapD dapE dnaK proA fabG rimI hisG hisD hisB hisA"
0.040003344697332,3,7,8.98214285714286,"Thiamin diphosphate-binding fold","https://www.ebi.ac.uk/interpro/entry/InterPro/IPR029061","ilvG dxs ilvI"
0.040003344697332,3,7,8.98214285714286,"Lysine biosynthesis","https://www.uniprot.org/keywords/KW-0457","dapA dapD dapE"
0.0411661162931757,6,32,3.9296875,"Dicarboxylic acid metabolic process","https://amigo.geneontology.org/amigo/term/GO:0043648","aroF aroC dapA aroE dapD dapE"
0.0540924420051568,4,15,5.58888888888889,"Sulfur compound binding","https://amigo.geneontology.org/amigo/term/GO:1901681","ilvG dxs ilvI mrdA"
0.0591991310914212,3,8,7.859375,"Chorismate biosynthetic process","https://amigo.geneontology.org/amigo/term/GO:0009423","aroF aroC aroE"
0.0591991310914212,3,8,7.859375,"Transketolase or transaldolase activity","https://amigo.geneontology.org/amigo/term/GO:0016744","ilvG dxs ilvI"
0.0634702426821221,26,334,1.6314870259481,"Anion binding","https://amigo.geneontology.org/amigo/term/GO:0043168","dppF ilvG engC dxs argD metC sucC mukB ftsK aspC metB hisC serC ilvI hscA bioD2 APL_1125 pstB APL_1422 thrC poxA modF mrdA cbiO dnaK hisG"
0.0695528355697481,2,3,13.9722222222222,"Acetolactate synthase complex","https://amigo.geneontology.org/amigo/term/GO:0005948","ilvG ilvI"
0.0695528355697481,2,3,13.9722222222222,"Homoserine metabolic process","https://amigo.geneontology.org/amigo/term/GO:0009092","metC metB"
0.0695528355697481,2,3,13.9722222222222,"Peptidyl-lysine modification","https://amigo.geneontology.org/amigo/term/GO:0018205","poxA lipA"
0.0695528355697481,2,3,13.9722222222222,"Transsulfuration","https://amigo.geneontology.org/amigo/term/GO:0019346","metC metB"
0.0695528355697481,2,3,13.9722222222222,"Homocysteine metabolic process","https://amigo.geneontology.org/amigo/term/GO:0050667","metC metB"
0.0695528355697481,2,3,13.9722222222222,"Aminotransferase class V domain","https://www.ebi.ac.uk/interpro/entry/InterPro/IPR000192","serC APL_1125"
0.0695528355697481,2,3,13.9722222222222,"Cys/Met metabolism, pyridoxal phosphate-dependent enzyme","https://www.ebi.ac.uk/interpro/entry/InterPro/IPR000277","metC metB"
0.0695528355697481,2,3,13.9722222222222,"Thiamine pyrophosphate enzyme, TPP-binding","https://www.ebi.ac.uk/interpro/entry/InterPro/IPR011766","ilvG ilvI"
0.0695528355697481,2,3,13.9722222222222,"Thiamine pyrophosphate enzyme, N-terminal TPP-binding domain","https://www.ebi.ac.uk/interpro/entry/InterPro/IPR012001","ilvG ilvI"
0.0695528355697481,2,3,13.9722222222222,"Thiamine pyrophosphate enzyme, C-terminal TPP binding domain","https://www.ebi.ac.uk/interpro/entry/pfam/PF02775","ilvG ilvI"
0.0695528355697481,2,3,13.9722222222222,"Thiamine pyrophosphate enzyme, N-terminal TPP binding domain","https://www.ebi.ac.uk/interpro/entry/pfam/PF02776","ilvG ilvI"
0.0705927506013235,59,979,1.26306605379639,"Catalytic activity","https://amigo.geneontology.org/amigo/term/GO:0003824","ilvE ilvD ilvG engC leuC aroF dxs mutT argD metC glpB leuB gapA sucC aspC pepP metB hisC serC ilvI aroC dapA hscA bioD2 gcp APL_1125 aroE trpE trpD argH APL_1194 serB pstB ptsB pepN tehB mltF APL_1422 serA thrC cysE poxA wecC lipA mrdA ureA glmS APL_1705 nanA ilvC dapD dapE proA fabG rimI hisG hisD hisB hisA"
0.0721155623882391,4,17,4.93137254901961,"Aromatic amino acid family metabolic process, and Anthranilate synthase/para-aminobenzoate synthase like domain","","aroC aroE trpE trpD"
0.0721155623882391,3,9,6.98611111111111,"Lysine biosynthetic process","https://amigo.geneontology.org/amigo/term/GO:0009085","dapA dapD dapE"
0.0721155623882391,3,9,6.98611111111111,"Lysine biosynthetic process via diaminopimelate","https://amigo.geneontology.org/amigo/term/GO:0009089","dapA dapD dapE"
0.0721155623882391,3,9,6.98611111111111,"Diaminopimelate metabolic process","https://amigo.geneontology.org/amigo/term/GO:0046451","dapA dapD dapE"
0.0721155623882391,4,17,4.93137254901961,"ATPase, nucleotide binding domain","https://www.ebi.ac.uk/interpro/entry/InterPro/IPR043129","ftsA hscA gcp dnaK"
0.0790641803667247,41,621,1.38372249060655,"Organic cyclic compound binding","https://amigo.geneontology.org/amigo/term/GO:0097159","dppF recR ilvG proQ engC dxs argD metC leuB gapA sucC rplY mukB lrp ftsK aspC metB hisC serC ilvI hscA bioD2 APL_1125 aroE APL_1194 pstB APL_1422 serA thrC poxA wecC modF mrdA cbiO gntR-2 sfsA dnaK proA fabG hisG hisD"
0.0790641803667247,41,621,1.38372249060655,"Heterocyclic compound binding","https://amigo.geneontology.org/amigo/term/GO:1901363","dppF recR ilvG proQ engC dxs argD metC leuB gapA sucC rplY mukB lrp ftsK aspC metB hisC serC ilvI hscA bioD2 APL_1125 aroE APL_1194 pstB APL_1422 serA thrC poxA wecC modF mrdA cbiO gntR-2 sfsA dnaK proA fabG hisG hisD"
0.0870661908895301,4,18,4.65740740740741,"Mixed, incl. Biotin metabolism, and DAHP synthase, class 1","","aroF lrp ftsK bioD2"
0.0874829661628109,11,104,2.21674679487179,"Magnesium","https://www.uniprot.org/keywords/KW-0460","ilvG dxs leuB sucC ilvI bioD2 trpE trpD ilvC hisG hisB"
0.0944379059284949,3,10,6.2875,"Glutathione metabolism, and Cystathionine beta-lyase activity","","metC aspC pepN"
0.0944379059284949,3,10,6.2875,"Lysine metabolic process","https://amigo.geneontology.org/amigo/term/GO:0006553","dapA dapD dapE"
0.102283321908674,4,19,4.41228070175439,"Hydro-lyase activity","https://amigo.geneontology.org/amigo/term/GO:0016836","ilvD leuC dapA hisB"
0.102283321908674,2,4,10.4791666666667,"Solute-binding protein family 3/N-terminal domain of MltF","https://www.ebi.ac.uk/interpro/entry/InterPro/IPR001638","artI mltF"
0.102283321908674,2,4,10.4791666666667,"DHS-like NAD/FAD-binding domain superfamily","https://www.ebi.ac.uk/interpro/entry/InterPro/IPR029035","ilvG ilvI"
0.102283321908674,2,4,10.4791666666667,"Leucine biosynthesis","https://www.uniprot.org/keywords/KW-0432","leuC leuB"
0.102283321908674,5,30,3.49305555555556,"NADP","https://www.uniprot.org/keywords/KW-0521","aroC aroE ilvC proA fabG"
0.102283321908674,2,4,10.4791666666667,"ER-Phagosome pathway","https://reactome.org/content/detail/R-MAP-1236974","ompP2 APL_1705"
0.102283321908674,2,4,10.4791666666667,"Antigen processing-Cross presentation","https://reactome.org/content/detail/R-MAP-1236975","ompP2 APL_1705"
0.102283321908674,2,4,10.4791666666667,"Toll Like Receptor 4 (TLR4) Cascade","https://reactome.org/content/detail/R-MAP-166016","ompP2 APL_1705"
0.102283321908674,2,4,10.4791666666667,"MyD88:MAL(TIRAP) cascade initiated on plasma membrane","https://reactome.org/content/detail/R-MAP-166058","ompP2 APL_1705"
0.102283321908674,2,4,10.4791666666667,"Toll Like Receptor TLR1:TLR2 Cascade","https://reactome.org/content/detail/R-MAP-168179","ompP2 APL_1705"
0.102283321908674,2,4,10.4791666666667,"Toll Like Receptor TLR6:TLR2 Cascade","https://reactome.org/content/detail/R-MAP-168188","ompP2 APL_1705"
0.102283321908674,2,4,10.4791666666667,"Toll-like Receptor Cascades","https://reactome.org/content/detail/R-MAP-168898","ompP2 APL_1705"
0.102283321908674,2,4,10.4791666666667,"Toll Like Receptor 2 (TLR2) Cascade","https://reactome.org/content/detail/R-MAP-181438","ompP2 APL_1705"
0.102283321908674,2,4,10.4791666666667,"Diseases of Immune System","https://reactome.org/content/detail/R-MAP-5260271","ompP2 APL_1705"
0.102283321908674,2,4,10.4791666666667,"Diseases associated with the TLR signaling cascade","https://reactome.org/content/detail/R-MAP-5602358","ompP2 APL_1705"
0.102283321908674,2,4,10.4791666666667,"MyD88 deficiency (TLR2/4)","https://reactome.org/content/detail/R-MAP-5602498","ompP2 APL_1705"
0.102283321908674,2,4,10.4791666666667,"IRAK4 deficiency (TLR2/4)","https://reactome.org/content/detail/R-MAP-5603041","ompP2 APL_1705"
0.102283321908674,2,4,10.4791666666667,"DegT/DnrJ/EryC1/StrS aminotransferase family","https://www.ebi.ac.uk/interpro/entry/pfam/PF01041","metB APL_1125"
0.102283321908674,2,4,10.4791666666667,"Bacterial periplasmic substrate-binding proteins","https://smart.embl.de/smart/do_annotation.pl?ACC=SM00062","artI mltF"
0.102922098280149,4,20,4.19166666666667,"Sulfur amino acid metabolic process","https://amigo.geneontology.org/amigo/term/GO:0000096","metC metB APL_1125 cysE"
0.102922098280149,4,20,4.19166666666667,"Protein folding","https://amigo.geneontology.org/amigo/term/GO:0006457","hscA dmsD APL_1705 dnaK"
0.102922098280149,3,11,5.71590909090909,"Chorismate metabolic process","https://amigo.geneontology.org/amigo/term/GO:0046417","aroF aroC aroE"
0.102922098280149,6,42,2.99404761904762,"NAD(P)-binding domain superfamily","https://www.ebi.ac.uk/interpro/entry/InterPro/IPR036291","gapA aroE serA wecC ilvC fabG"
0.125184751733294,5,32,3.27473958333333,"Organic hydroxy compound metabolic process","https://amigo.geneontology.org/amigo/term/GO:1901615","dxs glpB ykgF serC aroE"
0.130741214833192,3,12,5.23958333333333,"Peptidyl-amino acid modification","https://amigo.geneontology.org/amigo/term/GO:0018193","poxA lipA rimI"
0.134639791016234,2,5,8.38333333333333,"Ammonia-lyase activity, and O-acetyltransferase activity","","metB serB"
0.134639791016234,2,5,8.38333333333333,"Histidine metabolism","","hisB hisA"
0.134639791016234,2,5,8.38333333333333,"Tryptophan biosynthetic process","https://amigo.geneontology.org/amigo/term/GO:0000162","trpE trpD"
0.134639791016234,2,5,8.38333333333333,"Aminopeptidase activity","https://amigo.geneontology.org/amigo/term/GO:0004177","pepP pepN"
0.134639791016234,2,5,8.38333333333333,"Tryptophan metabolic process","https://amigo.geneontology.org/amigo/term/GO:0006568","trpE trpD"
0.134639791016234,2,5,8.38333333333333,"Cellular biogenic amine metabolic process","https://amigo.geneontology.org/amigo/term/GO:0006576","trpE trpD"
0.134639791016234,2,5,8.38333333333333,"Indolalkylamine metabolic process","https://amigo.geneontology.org/amigo/term/GO:0006586","trpE trpD"
0.134639791016234,4,22,3.81060606060606,"Glutamine family amino acid metabolic process","https://amigo.geneontology.org/amigo/term/GO:0009064","argD argH glmS proA"
0.134639791016234,4,22,3.81060606060606,"Aspartate family amino acid biosynthetic process","https://amigo.geneontology.org/amigo/term/GO:0009067","dapA thrC dapD dapE"
0.134639791016234,2,5,8.38333333333333,"Amine biosynthetic process","https://amigo.geneontology.org/amigo/term/GO:0009309","trpE trpD"
0.134639791016234,2,5,8.38333333333333,"Carbon-oxygen lyase activity, acting on phosphates","https://amigo.geneontology.org/amigo/term/GO:0016838","aroC thrC"
0.134639791016234,2,5,8.38333333333333,"Cellular biogenic amine biosynthetic process","https://amigo.geneontology.org/amigo/term/GO:0042401","trpE trpD"
0.134639791016234,2,5,8.38333333333333,"Indole-containing compound metabolic process","https://amigo.geneontology.org/amigo/term/GO:0042430","trpE trpD"
0.134639791016234,2,5,8.38333333333333,"Indole-containing compound biosynthetic process","https://amigo.geneontology.org/amigo/term/GO:0042435","trpE trpD"
0.134639791016234,2,5,8.38333333333333,"Cellular amine metabolic process","https://amigo.geneontology.org/amigo/term/GO:0044106","trpE trpD"
0.134639791016234,2,5,8.38333333333333,"Protein folding chaperone","https://amigo.geneontology.org/amigo/term/GO:0044183","hscA dnaK"
0.134639791016234,2,5,8.38333333333333,"Indolalkylamine biosynthetic process","https://amigo.geneontology.org/amigo/term/GO:0046219","trpE trpD"
0.134639791016234,2,5,8.38333333333333,"ATP-dependent protein folding chaperone","https://amigo.geneontology.org/amigo/term/GO:0140662","hscA dnaK"
0.134639791016234,2,5,8.38333333333333,"Aldehyde/histidinol dehydrogenase","https://www.ebi.ac.uk/interpro/entry/InterPro/IPR016161","proA hisD"
0.134639791016234,2,5,8.38333333333333,"Aminopeptidase","https://www.uniprot.org/keywords/KW-0031","pepP pepN"
0.134639791016234,2,5,8.38333333333333,"Chromosome partition","https://www.uniprot.org/keywords/KW-0159","mukB ftsK"
0.134639791016234,2,5,8.38333333333333,"Tryptophan biosynthesis","https://www.uniprot.org/keywords/KW-0822","trpE trpD"
0.134639791016234,2,5,8.38333333333333,"Adaptive Immune System","https://reactome.org/content/detail/R-MAP-1280218","ompP2 APL_1705"
0.134639791016234,2,5,8.38333333333333,"Class I MHC mediated antigen processing & presentation","https://reactome.org/content/detail/R-MAP-983169","ompP2 APL_1705"
0.134639791016234,2,5,8.38333333333333,"Bacterial transferase hexapeptide (six repeats)","https://www.ebi.ac.uk/interpro/entry/pfam/PF00132","cysE dapD"
0.151623307398417,24,338,1.48816568047337,"Transferase activity","https://amigo.geneontology.org/amigo/term/GO:0016740","ilvE ilvG aroF dxs argD aspC metB hisC serC ilvI gcp APL_1125 trpD APL_1194 ptsB tehB mltF cysE lipA glmS dapD fabG rimI hisG"
0.164842062858111,24,341,1.47507331378299,"Nucleotide binding","https://amigo.geneontology.org/amigo/term/GO:0000166","dppF ilvG engC leuB gapA sucC mukB ftsK ilvI hscA bioD2 aroE pstB APL_1422 serA poxA wecC modF cbiO dnaK proA fabG hisG hisD"
0.164842062858111,3,14,4.49107142857143,"Glutamine family amino acid biosynthetic process","https://amigo.geneontology.org/amigo/term/GO:0009084","argD argH proA"
0.164842062858111,24,341,1.47507331378299,"Nucleoside phosphate binding","https://amigo.geneontology.org/amigo/term/GO:1901265","dppF ilvG engC leuB gapA sucC mukB ftsK ilvI hscA bioD2 aroE pstB APL_1422 serA poxA wecC modF cbiO dnaK proA fabG hisG hisD"
0.164842062858111,3,14,4.49107142857143,"HAD superfamily","https://www.ebi.ac.uk/interpro/entry/InterPro/IPR023214","APL_1213 serB hisB"
0.164842062858111,3,14,4.49107142857143,"HAD-like superfamily","https://www.ebi.ac.uk/interpro/entry/InterPro/IPR036412","APL_1213 serB hisB"
0.167121443875254,9,91,2.0728021978022,"Transition metal ion binding","https://amigo.geneontology.org/amigo/term/GO:0046914","dksA pepP nifU gcp sprT pepN ureA dapE hisD"
0.177685709982922,4,25,3.35333333333333,"Secondary active transmembrane transporter activity","https://amigo.geneontology.org/amigo/term/GO:0015291","sstT APL_1088 pstB panF"
0.178219816535118,2,6,6.98611111111111,"Mixed, incl. LUD domain, and Copper","","ykgF APL_1422"
0.178219816535118,2,6,6.98611111111111,"Mixed, incl. AsnC-type HTH domain, and ROK family","","lrp ftsK"
0.178219816535118,2,6,6.98611111111111,"Arginine biosynthesis","","argD argH"
0.178219816535118,2,6,6.98611111111111,"Amine metabolic process","https://amigo.geneontology.org/amigo/term/GO:0009308","trpE trpD"
0.178219816535118,2,6,6.98611111111111,"Oxo-acid-lyase activity","https://amigo.geneontology.org/amigo/term/GO:0016833","trpE nanA"
0.178219816535118,2,6,6.98611111111111,"Hexapeptide repeat","https://www.ebi.ac.uk/interpro/entry/InterPro/IPR001451","cysE dapD"
0.178219816535118,2,6,6.98611111111111,"Hexapeptide transferase, conserved site","https://www.ebi.ac.uk/interpro/entry/InterPro/IPR018357","cysE dapD"
0.178219816535118,2,6,6.98611111111111,"Schiff base","https://www.uniprot.org/keywords/KW-0704","dapA nanA"
0.190443393156328,5,38,2.75767543859649,"Acyltransferase activity, transferring groups other than amino-acyl groups","https://amigo.geneontology.org/amigo/term/GO:0016747","gcp cysE dapD fabG rimI"
0.191964251881224,4,26,3.22435897435897,"Aspartate family amino acid metabolic process","https://amigo.geneontology.org/amigo/term/GO:0009066","dapA thrC dapD dapE"
