Rank,Locus Tag 1,Gene,Locus Tag APP5 NC_009053.1,Synonym,In silico,Pvalue,Energy,mRNA_start,mRNA_stop,sRNA_start,sRNA_stop
1,MIDG2331_RS10200,ilvC,apl_rs09870,APL_1853,"TargetRNA2 (80-20 nt, P-value < 0.05, NZ_LN908249.1)",0,-18.08,-61,-43,72,90
2,MIDG2331_RS05485,arcD1,apl_rs05645,APL_1082,"TargetRNA2 (80-20 nt, P-value < 0.05, NZ_LN908249.1)",0,-17.27,-29,-14,74,89
3,MIDG2331_RS03630,ilvI,apl_rs03785,APL_0727,"TargetRNA2 (80-20 nt, P-value < 0.05, NZ_LN908249.1)",0,-15.74,-41,-26,75,90
4,MIDG2331_RS09060,MIDG2331_RS09060,apl_rs08805,APL_1657,"TargetRNA2 (80-20 nt, P-value < 0.05, NZ_LN908249.1)",0,-15.59,-62,-42,72,90
5,MIDG2331_RS00935,MIDG2331_RS00935,apl_rs00940,APL_0183,"TargetRNA2 (80-20 nt, P-value < 0.05, NZ_LN908249.1)",0.001,-14.89,6,18,77,89
6,MIDG2331_RS10295,dapE,apl_rs09965,APL_1873,"TargetRNA2 (80-20 nt, P-value < 0.05, NZ_LN908249.1)",0.001,-14.6,3,19,71,88
7,MIDG2331_RS10225,MIDG2331_RS10225,,,"TargetRNA2 (80-20 nt, P-value < 0.05, NZ_LN908249.1)",0.003,-13.44,-7,8,84,98
8,MIDG2331_RS08140,thrC,apl_rs07905,APL_1499,"TargetRNA2 (80-20 nt, P-value < 0.05, NZ_LN908249.1)",0.004,-13.08,5,50,74,89
9,MIDG2331_RS00505,ilvD,apl_rs00510,APL_0097,"TargetRNA2 (80-20 nt, P-value < 0.05, NZ_LN908249.1)",0.005,-12.55,-32,-20,76,88
10,MIDG2331_RS05515,arsB,apl_rs05675,APL_1088,"TargetRNA2 (80-20 nt, P-value < 0.05, NZ_LN908249.1)",0.006,-12.35,-13,8,139,159
11,MIDG2331_RS08585,exbD1,apl_rs08335,APL_1569,"TargetRNA2 (80-20 nt, P-value < 0.05, NZ_LN908249.1)",0.01,-11.58,-59,-43,82,98
12,MIDG2331_RS08695,MIDG2331_RS08695,apl_rs08435,APL_1588,"TargetRNA2 (80-20 nt, P-value < 0.05, NZ_LN908249.1)",0.01,-11.57,-32,-17,74,90
13,MIDG2331_RS11030,hisD,apl_rs10700,APL_2020,"TargetRNA2 (80-20 nt, P-value < 0.05, NZ_LN908249.1)",0.01,-11.53,-9,9,83,99
14,MIDG2331_RS03505,serC,apl_rs03660,APL_0702,"TargetRNA2 (80-20 nt, P-value < 0.05, NZ_LN908249.1)",0.011,-11.44,-10,6,74,90
15,MIDG2331_RS02975,ftsK,apl_rs03240,APL_0618,"TargetRNA2 (80-20 nt, P-value < 0.05, NZ_LN908249.1)",0.011,-11.34,-48,-37,132,143
16,MIDG2331_RS10890,fabG,apl_rs10560,APL_1992,"TargetRNA2 (80-20 nt, P-value < 0.05, NZ_LN908249.1)",0.013,-11.07,-66,-54,71,83
17,MIDG2331_RS06310,MIDG2331_RS06310,apl_rs06515,APL_1248,"TargetRNA2 (80-20 nt, P-value < 0.05, NZ_LN908249.1)",0.013,-11.05,-9,12,80,99
18,MIDG2331_RS07400,mltF,apl_rs07185,APL_1366,"TargetRNA2 (80-20 nt, P-value < 0.05, NZ_LN908249.1)",0.013,-11.05,-23,-7,140,156
19,MIDG2331_RS01055,dxs,apl_rs01060,APL_0207,"TargetRNA2 (80-20 nt, P-value < 0.05, NZ_LN908249.1)",0.013,-11.04,-5,12,79,96
20,MIDG2331_RS10685,proA,apl_rs10345,APL_1951,"TargetRNA2 (80-20 nt, P-value < 0.05, NZ_LN908249.1)",0.014,-10.9,-7,9,83,98
21,MIDG2331_RS08845,ureA,apl_rs08585,APL_1618,"TargetRNA2 (80-20 nt, P-value < 0.05, NZ_LN908249.1)",0.017,-10.64,-28,-15,77,89
22,MIDG2331_RS03495,hisC,apl_rs03650,APL_0700,"TargetRNA2 (80-20 nt, P-value < 0.05, NZ_LN908249.1)",0.02,-10.32,2,20,74,89
23,MIDG2331_RS07235,MIDG2331_RS07235,,,"TargetRNA2 (80-20 nt, P-value < 0.05, NZ_LN908249.1)",0.023,-10.02,-71,-57,90,104
24,MIDG2331_RS09475,sfsA,apl_rs09225,APL_1737,"TargetRNA2 (80-20 nt, P-value < 0.05, NZ_LN908249.1)",0.024,-9.97,-7,7,85,98
25,MIDG2331_RS06220,serB,apl_rs06420,APL_1230,"TargetRNA2 (80-20 nt, P-value < 0.05, NZ_LN908249.1)",0.024,-9.95,-2,15,78,93
26,MIDG2331_RS00515,ilvG,apl_rs00520,APL_0099,"TargetRNA2 (80-20 nt, P-value < 0.05, NZ_LN908249.1)",0.026,-9.8,-13,4,72,88
27,MIDG2331_RS04545,dapA,apl_rs04700,APL_0899,"TargetRNA2 (80-20 nt, P-value < 0.05, NZ_LN908249.1)",0.027,-9.72,-21,-2,135,154
28,MIDG2331_RS09295,fkpA2,apl_rs09045,APL_1705,"TargetRNA2 (80-20 nt, P-value < 0.05, NZ_LN908249.1)",0.03,-9.5,-26,-13,72,85
29,MIDG2331_RS05685,tsaD,apl_rs05840,APL_1120,"TargetRNA2 (80-20 nt, P-value < 0.05, NZ_LN908249.1)",0.03,-9.49,-10,9,83,100
30,MIDG2331_RS03295,aspC,apl_rs03460,APL_0662,"TargetRNA2 (80-20 nt, P-value < 0.05, NZ_LN908249.1)",0.03,-9.47,-34,-19,73,89
31,MIDG2331_RS09150,dmsD,apl_rs08905,APL_1677,"TargetRNA2 (80-20 nt, P-value < 0.05, NZ_LN908249.1)",0.032,-9.33,-5,12,79,96
32,MIDG2331_RS11025,hisG,apl_rs10695,APL_2019,"TargetRNA2 (80-20 nt, P-value < 0.05, NZ_LN908249.1)",0.034,-9.21,-25,-10,74,89
33,MIDG2331_RS11045,hisB,apl_rs10715,APL_2023,"TargetRNA2 (80-20 nt, P-value < 0.05, NZ_LN908249.1)",0.035,-9.13,-12,7,77,96
34,MIDG2331_RS05800,aroE,apl_rs05960,APL_1139,"TargetRNA2 (80-20 nt, P-value < 0.05, NZ_LN908249.1)",0.035,-9.11,-34,-24,76,86
35,MIDG2331_RS03015,MIDG2331_RS03015,apl_rs03280,APL_0626,"TargetRNA2 (80-20 nt, P-value < 0.05, NZ_LN908249.1)",0.036,-9.05,-70,-51,75,94
36,MIDG2331_RS09100,gntR,apl_rs08855,APL_1667,"TargetRNA2 (80-20 nt, P-value < 0.05, NZ_LN908249.1)",0.037,-9.02,-3,15,79,96
37,MIDG2331_RS09355,secE,apl_rs09105,APL_1716,"TargetRNA2 (80-20 nt, P-value < 0.05, NZ_LN908249.1)",0.039,-8.87,-79,-64,130,144
38,MIDG2331_RS07905,MIDG2331_RS07905,apl_rs07800,APL_1479,"TargetRNA2 (80-20 nt, P-value < 0.05, NZ_LN908249.1)",0.041,-8.75,-7,14,78,98
39,MIDG2331_RS02970,lrp,apl_rs03235,APL_0617,"TargetRNA2 (80-20 nt, P-value < 0.05, NZ_LN908249.1)",0.043,-8.66,-76,-63,73,89
40,MIDG2331_RS00380,ilvE,apl_rs00385,APL_0072,"TargetRNA2 (80-20 nt, P-value < 0.05, NZ_LN908249.1)",0.046,-8.5,-12,8,70,88
41,MIDG2331_RS09895,MIDG2331_RS09895,apl_rs09585,APL_1804,"TargetRNA2 (80-20 nt, P-value < 0.05, NZ_LN908249.1)",0.048,-8.4,-33,-22,76,87
42,MIDG2331_RS08050,serA,apl_rs07665,APL_1452,"TargetRNA2 (80-20 nt, P-value < 0.05, NZ_LN908249.1)",0.048,-8.4,-24,-10,77,90
43,MIDG2331_RS07320,tehB,apl_rs07105,APL_1350,"TargetRNA2 (80-20 nt, P-value < 0.05, NZ_LN908249.1)",0.049,-8.35,-8,10,81,98
44,MIDG2331_RS05935,trpD,apl_rs06095,APL_1165,"TargetRNA2 (80-20 nt, P-value < 0.05, NZ_LN908249.1)",0.049,-8.35,-69,-54,71,86
45,MIDG2331_RS00895,dksA,apl_rs00900,APL_0175,"TargetRNA2 (80-20 nt, P-value < 0.05, NZ_LN908249.1)",0.05,-8.26,-1,-16,132,147